物件ID,出展元,取得日,種別細目,種別コード,都道府県コード,市町村コード,町名コード,都道府県名,市町村名,町名,住所詳細,原本住所,物件名,部屋名,価格,旧価格,面積,地目,土地権利,用途地域,建ぺい率,容積率,建物面積,建築年月,"建物構造",間取り数,間取りタイプ,間取り詳細,備考,取引態様,transaction_type_code,駐車場,駐車料金,階数,総階数,現況,引渡し,引渡日,コメント,取扱業者,担当,広告,交通,道路,管理形態,総建物面積,バルコニー面積,管理費,積立金,登録日,確認日,価格変更日,URL,ペット可,建築条件,pic01,更新フラグ,新着フラグ
5535819282,ハトマークサイト,"2026-01-12 01:45:24",1101,11,34,34207,342070050007,広島県,福山市,東深津町七丁目,,広島県福山市東深津町７丁目,売地,,120,300,208.85,畑,,第一種中高層住居専用地域,60％,200％,,,,,,,,,,,,,,,,,物件種目：売地,(株)瀬良商店,,,"東深津町一丁目停 徒歩5分",,,,,0,0,2025-07-02,2026-01-12,2025-10-22,https://www.hatomarksite.com/search/zentaku/bukken/5103616841,,,https://storage3.zentaku.or.jp/prod/034/100182/regsys/5103616841/image/5103616841_3995674290.jpg,0,0
5538761351,不動産ジャパン,"2026-01-12 03:57:11",1101,11,34,34207,342070050007,広島県,福山市,東深津町七丁目,,広島県福山市東深津町７丁目,売地,,120,300,208.85,畑,所有権,第一種中高層住居専用地域,60%,200%,,,,,,,,売主,1,,,,,更地,,,"現況渡
セットバック要 11.88㎡
傾斜地　【法令上の制限：宅地造成法規制区域、農地法５条の届出必要、セットバック有り】
",（株）瀬良商店,,,"東深津町一丁目バス停 徒歩5分","一方道路
 西 幅3.4m 公道 接面39.6m",,,,0,0,2025-07-03,2026-01-12,2025-10-23,https://www.fudousan.or.jp/property/detail?p_no=000012508674,,,https://storage3.zentaku.or.jp/prod/034/100182/regsys/5103616841/image/5103616841_3995674290.jpg,0,0
5536197350,ライフルホームズ,"2026-01-12 07:28:37",1101,11,34,34207,342070050007,広島県,福山市,東深津町七丁目,,広島県福山市東深津町７丁目,土地,,120,300,208.85,畑,所有権,第一種中高層住居専用,60,200,,,,,,,,売主(自社物),,その他,,,,更地,相談,,深津隧道の上、北側になります。傾斜地,株式会社瀬良商店,,,"バス 東深津町一丁目下車 徒歩5分",一方,,,,,,2025-07-02,2026-01-05,2025-10-22,https://www.homes.co.jp/tochi/b-32122140000254/,0,0,https://image.homes.jp/smallimg/image.php?file=http%3A%2F%2Fimg.homes.jp%2F3212214%2Fsale%2F254%2F2%2F2%2Ffqb5.jpg&width=208&height=138,0,0
5551553968,アットホーム,"2026-01-12 01:23:33",1101,11,34,34207,342070050007,広島県,福山市,東深津町七丁目,,福山市東深津町７丁目,土地,,120,300,208.85,,,,60%,200%,,,,,,,,,,,,,,,,,"【最適用途】住宅用地
","(株)瀬良商店（ＪＲ山陽本線/福山 徒歩10分）",,,"【バス】東深津町一丁目 停歩5分",,,,,,,2025-07-09,2026-01-12,2025-10-22,https://www.athome.co.jp/tochi/6986863423/?DOWN=1&BKLISTID=001LPC&SEARCHDIV=1&sref=list_simple,,0,,0,0
5421300771,ライフルホームズ,"2026-01-12 07:28:38",1101,11,34,34207,342070043006,広島県,福山市,西深津町六丁目,,広島県福山市西深津町６丁目,土地,,1300,,152.33,宅地,所有権,第一種中高層住居専用,60,200,,,,,,,,一般媒介(自社物),,その他,,,,更地,相談,,"
",有限会社タナベ不動産,,,"バス 厳山バス停下車 徒歩2分",,,,,,,2025-05-12,2026-01-02,,https://www.homes.co.jp/tochi/b-32122150000139/,0,0,https://image1.homes.jp/smallimg/image.php?file=http%3A%2F%2Fimg.homes.jp%2F3212215%2Fsale%2F139%2F2%2F2%2Fle0u.jpg&width=208&height=138,,0
5171764076,不動産ジャパン,"2026-01-12 03:58:56",1101,11,34,34207,342070043006,広島県,福山市,西深津町六丁目,,広島県福山市西深津町６丁目,売地,,380,580,257.00,宅地,所有権,第一種中高層住居専用地域,60%,200%,,,,,,,,専属専任媒介,3,,,,,古家有,,,"現況渡

住宅2階建て以下
",（株）不動産情報センター,,,"綱木バス停 徒歩3分","一方道路
 南 幅2.7m 私道",,,,0,0,2025-01-19,2026-01-12,2025-10-23,https://www.fudousan.or.jp/property/detail?p_no=000011976621,,,https://storage3.zentaku.or.jp/prod/034/54088/regsys/5103161230/image/5103161230_3e512f5522.jpg,0,0
5905683848,不動産ジャパン,"2026-01-12 03:58:21",1101,11,34,34207,342070043006,広島県,福山市,西深津町六丁目,,広島県福山市西深津町６丁目,売地,,400,,96.88,宅地,所有権,第一種中高層住居専用地域,60%,200%,,,,,,,,専任媒介,4,,,,,更地,,,"建築条件なし

セットバックで道路提供しますと、有効面積は約20坪となります。
",タカセ不動産株式会社福山店,,,"山陽本線「福山」からバスにて10分 「厳山」下車 徒歩3分","一方道路
 南 幅2m 私道",,,,0,0,2025-12-09,2026-01-12,,https://www.fudousan.or.jp/property/detail?p_no=000012969306,,0,,,0
5322269839,ハトマークサイト,"2026-01-12 01:51:13",1101,11,34,34207,342070043006,広島県,福山市,西深津町六丁目,,広島県福山市西深津町６丁目,売地,,1300,,152.33,宅地,,第一種中高層住居専用地域,60％,200％,,,,,,,,,,,,,,,,,物件種目：売地,(有)タナベ不動産,,,"厳山バス停停 徒歩2分",,,,,0,0,2025-03-28,2026-01-12,,https://www.hatomarksite.com/search/zentaku/bukken/5103341713,,,https://storage3.zentaku.or.jp/prod/034/54417/regsys/5103341713/image/5103341713_1f06806b5f.jpg,,0
5254026138,不動産ジャパン,"2026-01-12 03:57:11",1101,11,34,34207,342070043006,広島県,福山市,西深津町六丁目,,広島県福山市西深津町６丁目,売地,,1200,1250,152.33,宅地,所有権,第一種中高層住居専用地域,60%,200%,,,,,,,,売主,1,,,,,更地,,,"更地渡

前面道路は位置指定道路。水道管私設管（共同使用）
","ＡＢｅａｍＣｏｒｐｏｒａｔｉｏｎ 株式会社",,,"福塩線 「福山」駅 徒歩34分  車14分
福山駅から一般道利用の場合",,,,,0,0,2025-02-25,2026-01-12,2025-12-04,https://www.fudousan.or.jp/property/detail?p_no=000012109156,,,https://img4.athome.jp/image_files/index/bukken/6985340420/1,0,0
5168667551,ハトマークサイト,"2026-01-12 01:53:56",1101,11,34,34207,342070043006,広島県,福山市,西深津町六丁目,,広島県福山市西深津町６丁目,売地,,380,580,257.00,宅地,,第一種中高層住居専用地域,60％,200％,,,,,,,,,,,,,,,,,物件種目：売地,(株)不動産情報センター,,,"綱木停 徒歩3分",,,,,0,0,2025-01-18,2026-01-12,2025-10-22,https://www.hatomarksite.com/search/zentaku/bukken/5103161230,,,https://storage3.zentaku.or.jp/prod/034/54088/regsys/5103161230/image/5103161230_3e512f5522.jpg,0,0
5325184446,不動産ジャパン,"2026-01-12 03:58:21",1101,11,34,34207,342070043006,広島県,福山市,西深津町六丁目,,広島県福山市西深津町６丁目,売地,,1300,,152.33,宅地,所有権,第一種中高層住居専用地域,60%,200%,,,,,,,,一般媒介,5,,,,,更地,,,"現況渡


",（有）タナベ不動産,,,"厳山バス停バス停 徒歩2分",,,,,0,0,2025-03-29,2026-01-12,,https://www.fudousan.or.jp/property/detail?p_no=000012219129,,,https://storage3.zentaku.or.jp/prod/034/54417/regsys/5103341713/image/5103341713_1f06806b5f.jpg,,0
5590124993,ライフルホームズ,"2026-01-12 07:28:16",1101,11,34,34207,342070043006,広島県,福山市,西深津町六丁目,,広島県福山市西深津町６丁目,土地,,400,500,66.14,宅地,所有権,第一種中高層住居専用,60,200,,,,,,,,一般媒介(自社物),,その他,,,,更地,相談,,"登記上の面積は96.88m2（29.31坪）ですが、セットバックで道路提供しますと、有効面積は約20坪になります。駐車場用地として検討されてみませんか？まずお気軽にタカセ不動産までお問合せ下さい
",タカセ不動産株式会社　福山店,,,"JR山陽本線 福山駅 バス10分 厳山バス下車 徒歩3分",一方,,,,,,2025-07-26,2026-01-09,2025-12-07,https://www.homes.co.jp/tochi/b-1404320000658/,0,0,https://image3.homes.jp/smallimg/image.php?file=http%3A%2F%2Fimg.homes.jp%2F140432%2Fsale%2F658%2F2%2F1%2Fs23c.jpg&width=208&height=138,0,0
5170077627,アットホーム,"2026-01-12 01:28:03",1101,11,34,34207,342070043006,広島県,福山市,西深津町六丁目,,福山市西深津町６丁目,土地,,380,580,257.00,,,,60%,200%,,,,,,,,,,,,,,,,,"【最適用途】住宅用地
","(株)不動産情報センター（ＪＲ山陽本線/福山 徒歩15分）",,,"ＪＲ山陽本線 「東福山」駅 徒歩36分[バス利用可] バス 綱木 停歩3分",,,,,,,2025-01-18,2026-01-12,2025-10-22,https://www.athome.co.jp/tochi/6984859912/?DOWN=1&BKLISTID=001LPC&SEARCHDIV=1&sref=list_simple,,0,,0,0
5252171497,アットホーム,"2026-01-12 01:26:41",1101,11,34,34207,342070043006,広島県,福山市,西深津町六丁目,,福山市西深津町６丁目,土地,,1200,1250,152.33,,,,60%,200%,,,,,,,,,,,,,,,,,"【最適用途】住宅用地
","セントラルホーム不動産　ＡＢｅａｍ　Ｃｏｒｐｏｒａｔｉｏｎ(株)（ＪＲ山陽本線/福山 徒歩",,,"福塩線 「福山」駅 徒歩34分",,,,,,,2025-02-24,2026-01-12,2025-12-03,https://www.athome.co.jp/tochi/6985340420/?DOWN=1&BKLISTID=001LPC&SEARCHDIV=1&sref=list_simple,,0,,0,0
3184248421,不動産ジャパン,"2026-01-12 03:58:56",1101,11,34,34207,342070043004,広島県,福山市,西深津町四丁目,,広島県福山市西深津町４丁目,売地,,800,980,173.55,宅地,所有権,第一種中高層住居専用地域,60%,200%,,,,,,,,専任媒介,4,,,,,更地,,,"現況渡
セットバック要 13.00㎡
●東側道路　共有持分80分の7は無償譲渡とする　【法令上の制限：宅地造成工事規制区域】
",（株）瀬良商店,,,"西深津三丁目バス停 徒歩3分","二方道路（除角地）
 北 幅2.5m 公道 接面13m
 東 幅3m 私道 接面8m",,,,0,0,2022-05-02,2026-01-12,2025-10-16,https://www.fudousan.or.jp/property/detail?p_no=000008416878,,,https://storage3.zentaku.or.jp/prod/034/100182/regsys/6002894493/image/6002894493_dd0c4ac33c.jpg,0,0
3184432274,ハトマークサイト,"2026-01-12 01:53:24",1101,11,34,34207,342070043004,広島県,福山市,西深津町四丁目,,広島県福山市西深津町４丁目,売地,,800,980,173.55,宅地,,第一種中高層住居専用地域,60％,200％,,,,,,,,,,,,,,,即時,,"物件種目：売地 / 最適用途：住宅用地",(株)瀬良商店,,,"西深津三丁目停 徒歩3分",,,,,0,0,2022-05-02,2026-01-12,2025-10-15,https://www.hatomarksite.com/search/zentaku/bukken/6002894493,,0,https://storage3.zentaku.or.jp/prod/034/100182/regsys/6002894493/image/6002894493_dd0c4ac33c.jpg,0,0
4431180460,ハトマークサイト,"2026-01-12 01:55:13",1101,11,34,34207,342070043004,広島県,福山市,西深津町四丁目,,広島県福山市西深津町４丁目,売地,,650,700,165.28,宅地,,第一種中高層住居専用地域,60％,200％,,,,,,,,,,,,,,,,,"物件種目：売地 / 最適用途：住宅用地",ミサワホーム中国(株)福山営業所,,,"山陽本線福山駅 徒歩30分",,,,,0,0,2024-02-13,2026-01-12,2024-12-15,https://www.hatomarksite.com/search/zentaku/bukken/5102395833,,,https://storage3.zentaku.or.jp/prod/034/55178/regsys/5102395833/image/5102395833_33830f6471.jpg,0,0
4434304724,不動産ジャパン,"2026-01-12 03:59:31",1101,11,34,34207,342070043004,広島県,福山市,西深津町四丁目,,広島県福山市西深津町４丁目,売地,,650,700,165.28,宅地,所有権,第一種中高層住居専用地域,60%,200%,,,,,,,,一般媒介,5,,,,,古家有,,,"現況渡
セットバック要 4.75㎡
【法令上の制限：43条2項2号（基準11）に適用するように建築計画が必要】
",ミサワホーム中国（株）福山営業所,"三川　修治 (tel:084-932-2311)",,"山陽本線 「福山」駅 徒歩30分","一方道路
 南西 幅3m 私道 接面9.5m",,,,0,0,2024-02-14,2026-01-12,2024-12-16,https://www.fudousan.or.jp/property/detail?p_no=000010850853,,,https://storage3.zentaku.or.jp/prod/034/55178/regsys/5102395833/image/5102395833_33830f6471.jpg,0,0
5773412730,ライフルホームズ,"2026-01-12 07:28:37",1101,11,34,34207,342070043004,広島県,福山市,西深津町四丁目,100-1,広島県福山市西深津町４丁目100-1,土地,,800,,173.55,宅地,所有権,第一種中高層住居専用,60,200,,,,,,,,専任媒介(自社物),,その他,,,,更地,即時,,●建築条件はありません　●コモンステージ深津、住宅団地のすぐ下の土地です●東側道路　共有持分80分の7は無償譲渡とする,株式会社瀬良商店,,,"バス 西深津三丁目下車 徒歩3分",二方(除角地),,,,,,2025-10-15,2025-12-31,,https://www.homes.co.jp/tochi/b-32122140000264/,0,0,https://image2.homes.jp/smallimg/image.php?file=http%3A%2F%2Fimg.homes.jp%2F3212214%2Fsale%2F264%2F2%2F2%2Frm26.jpg&width=208&height=138,,0
3753458027,アットホーム,"2026-01-12 01:31:04",1101,11,34,34207,342070043004,広島県,福山市,西深津町四丁目,,福山市西深津町４丁目,土地,,800,980,173.55,,,,60%,200%,,,,,,,,,,,,,,,,,"【最適用途】住宅用地
","(株)瀬良商店（ＪＲ山陽本線/福山 徒歩10分）",,,"【バス】西深津三丁目 停歩3分",,,,,,,2023-03-09,2026-01-12,2025-10-15,https://www.athome.co.jp/tochi/6978622347/?DOWN=1&BKLISTID=001LPC&SEARCHDIV=1&sref=list_simple,,0,,0,0
4432472813,アットホーム,"2026-01-12 01:30:52",1101,11,34,34207,342070043004,広島県,福山市,西深津町四丁目,,福山市西深津町４丁目,土地,,650,700,165.28,,,,60%,200%,,,,,,,,,,,,,,,,,"【最適用途】住宅用地
ハザードに強いエリア","ミサワホーム中国(株)　福山営業所（ＪＲ山陽本線/福山 徒歩16分）",,,"ＪＲ山陽本線 「福山」駅 徒歩30分",,,,,,,2024-02-13,2026-01-12,2024-12-14,https://www.athome.co.jp/tochi/6981402224/?DOWN=1&BKLISTID=001LPC&SEARCHDIV=1&sref=list_simple,,0,,0,0
5462313011,ライフルホームズ,"2026-01-12 07:28:21",1202,12,34,34207,342070043005,広島県,福山市,西深津町五丁目,7-16,広島県福山市西深津町5丁目7-16,中古戸建,,1080,1280,105.08,宅地,所有権,第一種住居,60,200,79.07,1978-11-01,木造,4,DK,,,専任媒介(自社物),,"空有2台 (縦列2台可)",,,2,空家,即時,,"街中の便利な立地にあり、近隣にはコンビニや商業施設が充実。買い物や食事に困ることがなく、日々の生活が快適です。また敷地内に駐車場も完備しており、車での移動もスムーズ。暮らしやすさが魅力の環境です。
",LIFUKU福山売買センター　中国バス不動産株式会社,,,"JR山陽本線 福山駅 徒歩30分",一方,,79.07,,,,2025-05-30,2025-12-31,2025-11-02,https://www.homes.co.jp/kodate/b-1461090000754/,0,0,https://image.homes.jp/smallimg/image.php?file=https%3A%2F%2Fcdn-lambda-img.cloud.ielove.jp%2Fimage%2Fsale%2F2d40c332%2F42966_118933_1_132000_132000.jpg%3Ft%3D20251101103300&width=208&height=138,0,0
5558660299,SUUMO,"2026-01-12 01:52:56",1101,11,34,34207,342070043005,広島県,福山市,西深津町五丁目,,広島県福山市西深津町５,土地,,980,1000,159.00,,,,,,,,,,,,,,,,,,,,,,"建築条件なしお好きなハウスメーカー・工務店にて建築可能",積水ハウス不動産(株)福山オフィス,,TEL:084-921-6244,ＪＲ山陽本線「福山」徒歩29分,,,,,,,2025-07-12,2026-01-12,2025-12-13,https://suumo.jp/tochi/hiroshima/sc_fukuyama/nc_77936575/,,0,https://img01.suumo.com/jj/resizeImage?src=gazo%2Fbukken%2F080%2FN010000%2Fimg%2F575%2F77936575%2F77936575_0001.jpg&w=192&h=144,0,0
5464482566,SUUMO,"2026-01-12 02:02:22",1202,12,34,34207,342070043005,広島県,福山市,西深津町五丁目,,広島県福山市西深津町５-7-16,戸建,,1080,1280,105.08,,,,,,79.07,1978-11-01,,4,DK,,,,,,,,,,,,収納豊富で日当たり良好な住宅。改装でさらに快適に。,"LIFUKU 福山売買センター中国バス不動産(株)",,TEL:084-999-3603,ＪＲ山陽本線「福山」徒歩30分,,,,,,,2025-05-31,2026-01-12,2025-11-02,https://suumo.jp/chukoikkodate/hiroshima/sc_fukuyama/nc_77657900/,,,https://img01.suumo.com/jj/resizeImage?src=gazo%2Fbukken%2F080%2FN010000%2Fimg%2F900%2F77657900%2F77657900_0003.jpg&w=192&h=144,0,0
4591076472,ハトマークサイト,"2026-01-12 01:47:26",1101,11,34,34207,342070043005,広島県,福山市,西深津町五丁目,,広島県福山市西深津町５丁目,売地,,980,1000,159.00,雑種地,,第一種住居地域,60％,200％,,,,,,,,,,,,,,,,,"物件種目：売地 / 最適用途：住宅用地",ウエナガ不動産(株),,,"奈良津停 徒歩7分",,,,,0,0,2024-04-28,2026-01-12,2025-12-27,https://www.hatomarksite.com/search/zentaku/bukken/5102736380,,,https://storage3.zentaku.or.jp/prod/034/76477/regsys/5102736380/image/5102736380_63d4fbd853.jpg,0,0
4594118814,不動産ジャパン,"2026-01-12 03:57:29",1101,11,34,34207,342070043005,広島県,福山市,西深津町五丁目,,広島県福山市西深津町５丁目,売地,,980,1000,159.00,雑種地,所有権,第一種住居地域,60%,200%,,,,,,,,一般媒介,5,,,,,更地,,,"現況渡

告知事項あり
",ウエナガ不動産（株）,,,"奈良津バス停 徒歩7分",,,,,0,0,2024-04-29,2026-01-12,2025-12-28,https://www.fudousan.or.jp/property/detail?p_no=000011132895,,,https://storage3.zentaku.or.jp/prod/034/76477/regsys/5102736380/image/5102736380_63d4fbd853.jpg,0,0
4591876091,ライフルホームズ,"2026-01-12 07:28:34",1101,11,34,34207,342070043005,広島県,福山市,西深津町五丁目,,広島県福山市西深津町５丁目,土地,,980,1000,159.00,雑種地,所有権,第一種住居,60,200,,,,,,,,一般媒介(自社物),,その他,,,,更地,相談,,告知事項あり,ウエナガ不動産株式会社,,,"バス 奈良津下車 徒歩7分",,,,,,,2024-04-28,2026-01-09,2025-12-26,https://www.homes.co.jp/tochi/b-32121950000100/,0,0,https://image.homes.jp/smallimg/image.php?file=http%3A%2F%2Fimg.homes.jp%2F3212195%2Fsale%2F100%2F1%2F1%2Fmeub.jpg&width=180&height=180,0,0
5462004069,アットホーム,"2026-01-12 01:58:46",1202,12,34,34207,342070043005,広島県,福山市,西深津町五丁目,,福山市西深津町５丁目,戸建,,1080,1280,105.08,,,,,,79.07,1978-11-01,,4,DK,,,,,,,,,,,,西深津町の閑静な住宅街に位置し、スーパーや学校、公園が徒歩圏内にそろった生活利便性の高い住環境。子育て世帯からご年配の方まで幅広くおすすめできる立地です。,"中国バス不動産(株)　ＬＩＦＵＫＵ福山売買センター（福塩線/万能倉 徒歩10分）",,,"ＪＲ山陽本線 「福山」駅 徒歩30分",,,,,,,2025-05-30,2026-01-12,2025-11-02,https://www.athome.co.jp/kodate/1167719709/?DOWN=1&BKLISTID=001LPC&SEARCHDIV=1&sref=list_simple,,0,,0,0
5551553984,アットホーム,"2026-01-12 01:23:34",1101,11,34,34207,342070043005,広島県,福山市,西深津町五丁目,,福山市西深津町５丁目,土地,,980,1000,159.00,,,,60%,160%,,,,,,,,,,,,,,,,,"【最適用途】住宅用地
","積水ハウス不動産(株)　福山オフィス（ＪＲ山陽本線/福山 徒歩9分）",,,"ＪＲ山陽本線 「福山」駅 徒歩29分",,,,,,,2025-07-09,2026-01-12,2025-12-13,https://www.athome.co.jp/tochi/1135247508/?DOWN=1&BKLISTID=001LPC&SEARCHDIV=1&sref=list_simple,,0,,0,0
5902674146,アットホーム,"2026-01-12 01:15:17",1101,11,34,34207,342070043005,広島県,福山市,西深津町五丁目,,福山市西深津町５丁目,土地,,980,,159.00,,,,60%,200%,,,,,,,,,,,,,,,,,"【最適用途】住宅用地
教育施設へのアクセスが良い。商業施設への利便性も良い。告知事項あり。","ミサワホーム中国(株)　福山営業所（ＪＲ山陽本線/福山 徒歩16分）",,,"ＪＲ山陽本線 「福山」駅 徒歩28分",,,,,,,2025-12-08,2026-01-12,,https://www.athome.co.jp/tochi/6988670208/?DOWN=1&BKLISTID=001LPC&SEARCHDIV=1&sref=list_simple,,0,,,0
5204442743,SUUMO,"2026-01-12 01:52:31",1101,11,34,34207,342070024004,広島県,福山市,北吉津町四丁目,,広島県福山市北吉津町４,土地,,300,,42.97,,,,,,,,,,,,,,,,,,,,,,"北吉津町４（福山駅） 300万円",,,,ＪＲ山陽本線「福山」徒歩19分,,,,,,,2025-02-03,2026-01-12,,https://suumo.jp/tochi/hiroshima/sc_fukuyama/nc_76811742/,,0,https://img01.suumo.com/jj/resizeImage?src=gazo%2Fbukken%2F080%2FN010000%2Fimg%2F742%2F76811742%2F76811742_0002.jpg&w=192&h=144,,0
4294056991,ライフルホームズ,"2026-01-12 07:28:19",1101,11,34,34207,342070024005,広島県,福山市,北吉津町五丁目,126,広島県福山市北吉津町5丁目126,土地,,480,,49.58,宅地,所有権,第一種住居,60,200,,,,,,,,専任媒介(自社物),,その他,,,,更地,即時,,"即引渡し可 平坦地 建築条件なし
",LIFUKU福山売買センター　中国バス不動産株式会社,,,"JR山陽本線 福山駅 徒歩21分",一方,,,,,,2023-12-10,2026-01-05,,https://www.homes.co.jp/tochi/b-1461090000440/,0,0,https://image.homes.jp/smallimg/image.php?file=http%3A%2F%2Fimg.homes.jp%2F146109%2Fsale%2F440%2F2%2F1%2F1kr7.jpg&width=180&height=180,,0
4295892166,SUUMO,"2026-01-12 01:52:37",1101,11,34,34207,342070024005,広島県,福山市,北吉津町五丁目,,広島県福山市北吉津町５-126,土地,,480,,49.58,,,,,,,,,,,,,,,,,,,,,,平坦地で閑静な住宅地。買物や通勤にも便利なエリアです。,"LIFUKU 福山売買センター中国バス不動産(株)",,TEL:084-999-3603,ＪＲ山陽本線「福山」徒歩21分,,,,,,,2023-12-11,2026-01-12,,https://suumo.jp/tochi/hiroshima/sc_fukuyama/nc_73861391/,,0,https://img01.suumo.com/jj/resizeImage?src=gazo%2Fbukken%2F080%2FN010000%2Fimg%2F391%2F73861391%2F73861391_0001.jpg&w=192&h=144,,0
4296435244,不動産ジャパン,"2026-01-12 03:58:56",1101,11,34,34207,342070024005,広島県,福山市,北吉津町五丁目,,広島県福山市北吉津町５丁目,売地,,480,,49.58,宅地,所有権,第一種住居地域,60%,200%,,,,,,,,専任媒介,4,,,,,更地,,,"現況渡

【法令上の制限：景観計画区域】
",中国バス不動産（株）,,,"山陽本線 「福山」駅 徒歩21分","一方道路
 東 幅4.7m 公道 接面8.1m",,,,0,0,2023-12-11,2026-01-12,,https://www.fudousan.or.jp/property/detail?p_no=000010639439,,,https://storage3.zentaku.or.jp/prod/034/54343/regsys/5102322903/image/5102322903_ed36e24eae.jpg,,0
4293391312,ハトマークサイト,"2026-01-12 01:53:18",1101,11,34,34207,342070024005,広島県,福山市,北吉津町五丁目,,広島県福山市北吉津町５丁目,売地,,480,,49.58,宅地,,第一種住居地域,60％,200％,,,,,,,,,,,,,,,,,"物件種目：売地 / 最適用途：住宅用地",中国バス不動産(株),,,"山陽本線福山駅 徒歩21分",,,,,0,0,2023-12-10,2026-01-12,,https://www.hatomarksite.com/search/zentaku/bukken/5102322903,,,https://storage3.zentaku.or.jp/prod/034/54343/regsys/5102322903/image/5102322903_ed36e24eae.jpg,,0
4355814728,アットホーム,"2026-01-12 01:28:05",1101,11,34,34207,342070024005,広島県,福山市,北吉津町五丁目,,福山市北吉津町５丁目,土地,,480,,49.58,,,,60%,200%,,,,,,,,,,,,,,,,,"【最適用途】住宅用地
北吉津町の閑静な住宅街にある14.99坪の整形地。 上下水道・都市ガス引込済で建築条件なし！駐車場や住宅用地に最適です。","中国バス不動産(株)　ＬＩＦＵＫＵ福山売買センター（福塩線/万能倉 徒歩10分）",,,"ＪＲ山陽本線 「福山」駅 徒歩21分",,,,,,,2024-01-08,2026-01-12,,https://www.athome.co.jp/tochi/1021572586/?DOWN=1&BKLISTID=001LPC&SEARCHDIV=1&sref=list_simple,,0,,,0
5753175052,ライフルホームズ,"2026-01-12 07:28:18",1202,12,34,34207,342070082000,広島県,福山市,北美台,,広島県福山市北美台,中古戸建,,1200,,141.60,宅地,所有権,第一種住居,60,200,141.60,1985-01-01,木造,6,LDK,,,専任媒介(自社物),,空有4台,,,2,空家,相談,,"北美台に戸建てが出ました！車庫付きの住宅！二階のお部屋が横並びで、すべてベランダに面しているため、光や風が入りやすいです！お子様のお部屋として使ってもすべて南西向きになります！明るく生活ができます※駐車スペース
幅4400mm（入口2900mm）×奥行き13300mm×高さ1800mm",タカセ不動産株式会社　福山店,,,"JR山陽本線 福山駅 バス5分 北吉津バス停下車 徒歩7分",二方(除角地),,141.60,,,,2025-10-06,2026-01-09,,https://www.homes.co.jp/kodate/b-1404320000742/,0,0,https://image4.homes.jp/smallimg/image.php?file=http%3A%2F%2Fimg.homes.jp%2F140432%2Fsale%2F742%2F2%2F1%2Fecmh.jpg&width=208&height=138,,0
5753136047,SUUMO,"2026-01-12 02:02:27",1202,12,34,34207,342070082000,広島県,福山市,北美台,,広島県福山市北美台,戸建,,1200,,141.60,,,,,,141.60,1985-01-01,,6,LDK,,,,,,,,,,,,"北美台 1200万円",タカセ不動産(株)福山店,,TEL:084-921-8541,ＪＲ山陽本線「福山」バス5分停歩7分,,,,,,,2025-10-06,2026-01-12,,https://suumo.jp/chukoikkodate/hiroshima/sc_fukuyama/nc_78534446/,,,https://img01.suumo.com/jj/resizeImage?src=gazo%2Fbukken%2F080%2FN010000%2Fimg%2F446%2F78534446%2F78534446_0001.jpg&w=192&h=144,,0
5752842798,アットホーム,"2026-01-12 01:49:18",1202,12,34,34207,342070082000,広島県,福山市,北美台,,福山市北美台,戸建,,1200,,141.60,,,,,,141.60,1985-01-01,,6,LDK,,,,,,,,,,,,北美台に戸建てが出ました！車庫付きの住宅！二階のお部屋が横並びで、すべてベランダに面しているため、光や風が入りやすいです！お子様のお部屋として使ってもすべて南西向きになります！明るく生活ができます,タカセ不動産(株)　福山店,,,"ＪＲ山陽本線 「福山」駅 【バス】5分 北吉津バス停 停歩7分",,,,,,,2025-10-06,2026-01-12,,https://www.athome.co.jp/kodate/1189202515/?DOWN=1&BKLISTID=001LPC&SEARCHDIV=1&sref=list_simple,,0,,,0
5985593364,ハトマークサイト,"2026-01-12 01:43:19",1101,11,34,34207,342070025002,広島県,福山市,木之庄町二丁目,,広島県福山市木之庄町２丁目,売地,,750,,142.01,宅地,,第一種住居地域,60％,200％,,,,,,,,,,,,,,,,,"物件種目：売地 / 最適用途：住宅用地",(株)瀬良商店,,,"山陽本線福山駅 徒歩25分 バス乗車1分 木之庄上停 徒歩5分",,,,,0,0,2026-01-10,2026-01-12,,https://www.hatomarksite.com/search/zentaku/bukken/5104094808,,,https://storage3.zentaku.or.jp/prod/034/100182/regsys/5104094808/image/5104094808_8eaa14a53e.jpg,,1
5985608592,ハトマークサイト,"2026-01-12 01:56:17",1202,12,34,34207,342070025002,広島県,福山市,木之庄町二丁目,,広島県福山市木之庄町２丁目,中古一戸建,,750,,142.01,,,,60％,200％,139.46,1980-01-01,,5,LDK,,,,,,,,,,,,物件種目：中古一戸建,(株)瀬良商店,,,"山陽本線福山駅 徒歩25分 バス乗車1分 木之庄上停 徒歩5分",,,,,0,0,2026-01-10,2026-01-12,,https://www.hatomarksite.com/search/zentaku/bukken/5104094807,,,https://storage3.zentaku.or.jp/prod/034/100182/regsys/5104094807/image/5104094807_d04aaa2d8a.jpg,,1
5988700816,不動産ジャパン,"2026-01-12 04:06:14",1202,12,34,34207,342070025002,広島県,福山市,木之庄町二丁目,,広島県福山市木之庄町２丁目,中古一戸建,,750,,142.01,,所有権,第一種住居地域,60%,200%,139.46,1980-01-01,その他,5,LDK,,,専任媒介,4,有　駐車場代無料,,,,空家,,,"
駐車場代無料
●宅地造成工事規制区域　●河川氾濫時浸水想定地域　●再建築については43条但書き許可が必要です　構造内容：木造・軽量鉄骨造
",（株）瀬良商店,,,"山陽本線 「福山」駅 徒歩25分  木之庄上バス停 徒歩5分","一方道路
 東 幅2m 公道",,,,0,0,2026-01-11,2026-01-12,,https://www.fudousan.or.jp/property/detail?p_no=000013048103,,,https://storage3.zentaku.or.jp/prod/034/100182/regsys/5104094807/image/5104094807_d04aaa2d8a.jpg,,1
5988695738,不動産ジャパン,"2026-01-12 03:56:54",1101,11,34,34207,342070025002,広島県,福山市,木之庄町二丁目,,広島県福山市木之庄町２丁目,売地,,750,,142.01,宅地,所有権,第一種住居地域,60%,200%,,,,,,,,専任媒介,4,,,,,古家有,,,"現況渡

●43条但書き許可が必要です　【法令上の制限：●宅地造成工事規制区域　●河川氾濫時浸水想定地域】
",（株）瀬良商店,,,"山陽本線 「福山」駅 徒歩25分  木之庄上バス停 徒歩5分","一方道路
 東 幅2m 公道",,,,0,0,2026-01-11,2026-01-12,,https://www.fudousan.or.jp/property/detail?p_no=000013049226,,,https://storage3.zentaku.or.jp/prod/034/100182/regsys/5104094808/image/5104094808_8eaa14a53e.jpg,,1
5991578133,ライフルホームズ,"2026-01-12 07:28:38",1202,12,34,34207,342070025002,広島県,福山市,木之庄町二丁目,11-12,広島県福山市木之庄町２丁目11-12,中古戸建,,750,,142.01,宅地,所有権,第一種住居,60,200,139.46,1980-01-01,その他,5,LDK,,,専任媒介(自社物),,空有1台,,,2,空家,即時,,●なかやま牧場ハート木之庄店　徒歩7分　●セブンイレブン木之庄店　徒歩5分　●オンリーワン木之庄　徒歩7分●宅地造成工事規制区域　●河川氾濫時浸水想定地域　●再建築については43条但書き許可が必要です,株式会社瀬良商店,,,"JR山陽本線 福山駅 バス1分 木之庄上下車 徒歩5分",一方,,,,,,2026-01-12,2026-01-09,,https://www.homes.co.jp/kodate/b-32122140000271/,0,0,,,1
5991578137,ライフルホームズ,"2026-01-12 07:28:38",1101,11,34,34207,342070025002,広島県,福山市,木之庄町二丁目,11-12,広島県福山市木之庄町２丁目11-12,土地,,750,,142.01,宅地,所有権,第一種住居,60,200,,,,,,,,専任媒介(自社物),,その他,,,,古屋あり,即時,,●なかやま牧場ハート木之庄店　徒歩7分　●セブンイレブン木之庄店　徒歩5分　●オンリーワン木之庄店　徒歩7分●43条但書き許可が必要です,株式会社瀬良商店,,,"JR山陽本線 福山駅 バス1分 木之庄上下車 徒歩5分",一方,,,,,,2026-01-12,2026-01-09,,https://www.homes.co.jp/tochi/b-32122140000272/,0,0,,,1
5985702703,アットホーム,"2026-01-12 01:33:11",1202,12,34,34207,342070025002,広島県,福山市,木之庄町二丁目,,福山市木之庄町２丁目,戸建,,750,,142.01,,,,,,139.46,1980-01-01,,5,LDK,,,,,,,,,,,,,"(株)瀬良商店（ＪＲ山陽本線/福山 徒歩10分）",,,"ＪＲ山陽本線 「福山」駅 徒歩25分[バス利用可] バス 木之庄上 停歩5分",,,,,,,2026-01-10,2026-01-12,,https://www.athome.co.jp/kodate/6989014787/?DOWN=1&BKLISTID=001LPC&SEARCHDIV=1&sref=list_simple,,0,https://www.athome.co.jp/image_files/path/n1uhbGYOI7a14NZMnPnWmQ==?width=320&height=320,,1
4756041413,Yahoo!不動産,"2026-01-12 01:14:27",1101,11,34,34207,342070039002,広島県,福山市,奈良津町二丁目,,広島県福山市奈良津町2丁目,土地,,300,,267.12,,,,,,,,,,,,,,,,,,,,,,,松坂産業株式会社,,,"福塩線 「横尾」駅 徒歩28分 他",,,,,,,2024-07-14,2026-01-12,,https://realestate.yahoo.co.jp/land/detail_corp/b0022414523/,,0,https://realestate-pctr.c.yimg.jp/ds/realestate-buy-image/bld_image/00/2241/4523/0011/ca470cbf78cc695591ddea3a8cd1ec6b_00_01.jpg?q=65&nf_src=sy&nf_path=/images/realestate/img/common/noimage/288x288.png&w=175&h=132,,0
2252341047,不動産ジャパン,"2026-01-12 03:58:39",1101,11,34,34207,342070039002,広島県,福山市,奈良津町二丁目,,広島県福山市奈良津町２丁目,売地,,850,1300,235.33,宅地,所有権,第一種住居地域,60%,200%,,,,,,,,専任媒介,4,,,,,更地,,,"現況渡

313号線に面して、交通量が非常に多い路線。大幅値引き、急ぎ処分希望します。
",（株）飛鳥,"北村　　084-924-4405 (tel:090-8246-4405)",,"南陽台入り口よりバス停 徒歩5分
藪路南（緑陽団地入り口より徒歩6分","二方道路（除角地）
 西 幅12m 公道 接面15m
 東 幅4m 公道 接面15m",,,,0,0,2020-04-22,2026-01-12,2025-10-18,https://www.fudousan.or.jp/property/detail?p_no=000004215423,,,,0,0
2483396447,ハトマークサイト,"2026-01-12 01:51:52",1101,11,34,34207,342070039002,広島県,福山市,奈良津町二丁目,,広島県福山市奈良津町２丁目,売地,,850,1300,235.33,宅地,,第一種住居地域,60％,200％,,,,,,,,,,,,,,,相談,,"物件種目：売地 / 最適用途：住宅用地",(株)飛鳥,,,"南陽台入り口より停 徒歩5分
藪路南（緑陽団地入り口より徒歩6分",,,,,0,0,2021-03-27,2026-01-12,2025-10-17,https://www.hatomarksite.com/search/zentaku/bukken/6002372942,,0,,0,0
5933373084,不動産ジャパン,"2026-01-12 03:57:46",1101,11,34,34207,342070039002,広島県,福山市,奈良津町二丁目,,広島県福山市奈良津町２丁目,売地,,140,,213.00,雑種地,所有権,無指定,70%,200%,,,,,,,,一般媒介,5,,,,,更地,,,"現況渡

登記地目：ため池あり（現況：ため池無し）
",（有）青葉設計事務所,"越智寛高 (tel:084-926-2757)",,"福山駅バス停 徒歩3分","一方道路
 西 幅11m 公道 接面20m",,,,0,0,2025-12-20,2026-01-12,,https://www.fudousan.or.jp/property/detail?p_no=000013001379,,,https://storage3.zentaku.or.jp/prod/034/54469/regsys/5104052822/image/5104052822_799885dfaa.jpg,,0
5929647775,ハトマークサイト,"2026-01-12 01:49:08",1101,11,34,34207,342070039002,広島県,福山市,奈良津町二丁目,,広島県福山市奈良津町２丁目,売地,,140,,213.00,雑種地,,無指定,70％,200％,,,,,,,,,,,,,,,,,"物件種目：売地 / 最適用途：その他用地",(有)青葉設計事務所,,,"福山駅停 徒歩3分",,,,,0,0,2025-12-19,2026-01-12,,https://www.hatomarksite.com/search/zentaku/bukken/5104052822,,,https://storage3.zentaku.or.jp/prod/034/54469/regsys/5104052822/image/5104052822_799885dfaa.jpg,,0
5843548068,Yahoo!不動産,"2026-01-12 01:12:51",1101,11,34,34207,342070039001,広島県,福山市,奈良津町一丁目,,広島県福山市奈良津町1丁目,土地,,980,,92.03,,,,,,,,,,,,,,,,,,,,,,,株式会社クレスト不動産販売,,,奈良津バス停まで徒歩3分,,,,,,,2025-11-15,2026-01-12,,https://realestate.yahoo.co.jp/land/detail_corp/b0024243419/,,0,https://realestate-pctr.c.yimg.jp/ds/realestate-buy-image/bld_image/00/2424/3419/0002/c654f03d1c05e61f2f42df32f37a9f3a_01_01.jpg?q=65&nf_src=sy&nf_path=/images/realestate/img/common/noimage/288x288.png&w=175&h=132,,0
5841859865,SUUMO,"2026-01-12 01:52:56",1101,11,34,34207,342070039001,広島県,福山市,奈良津町一丁目,,広島県福山市奈良津町１,土地,,980,,92.03,,,,,,,,,,,,,,,,,,,,,,前面道路拡張計画あり！住宅用地としてはもちろん事業用地としてもオススメ！,(株)クレスト不動産販売,,TEL:084-925-1122,-「奈良津」徒歩3分,,,,,,,2025-11-14,2026-01-12,,https://suumo.jp/tochi/hiroshima/sc_fukuyama/nc_78791620/,,0,https://img01.suumo.com/jj/resizeImage?src=gazo%2Fbukken%2F080%2FN010000%2Fimg%2F620%2F78791620%2F78791620_0002.jpg&w=192&h=144,,0
5841529177,ハトマークサイト,"2026-01-12 01:53:58",1101,11,34,34207,342070039001,広島県,福山市,奈良津町一丁目,,広島県福山市奈良津町１丁目,売地,,980,,92.03,宅地,,準工業地域,60％,200％,,,,,,,,,,,,,,,,,物件種目：売地,(株)クレスト不動産販売,,,"奈良津停 徒歩3分",,,,,0,0,2025-11-14,2026-01-12,,https://www.hatomarksite.com/search/zentaku/bukken/5103962523,,,https://storage3.zentaku.or.jp/prod/034/54674/regsys/5103962523/image/5103962523_d5ab98eb02.jpg,,0
5844619417,不動産ジャパン,"2026-01-12 03:59:14",1101,11,34,34207,342070039001,広島県,福山市,奈良津町一丁目,,広島県福山市奈良津町１丁目,売地,,980,,92.03,宅地,所有権,準工業地域,60%,200%,,,,,,,,専任媒介,4,,,,,古家有,,,"更地渡

■解体更地渡し（現況：住宅基礎部分有）　■前面道路拡張予定で今後の利便性向上が見込めます
",（株）クレスト不動産販売,,,"奈良津バス停 徒歩3分",,,,,0,0,2025-11-15,2026-01-12,,https://www.fudousan.or.jp/property/detail?p_no=000012899369,,,https://storage3.zentaku.or.jp/prod/034/54674/regsys/5103962523/image/5103962523_d5ab98eb02.jpg,,0
5841563940,アットホーム,"2026-01-12 01:17:53",1101,11,34,34207,342070039001,広島県,福山市,奈良津町一丁目,,福山市奈良津町１丁目,土地,,980,,92.03,,,,60%,200%,,,,,,,,,,,,,,,,,"【最適用途】住宅用地
前面道路拡張計画あり！住宅用地としてはもちろん事業用地としてもオススメ！","(株)クレスト不動産販売（ＪＲ山陽本線/福山 徒歩15分）",,,"【バス】奈良津 停歩3分",,,,,,,2025-11-14,2026-01-12,,https://www.athome.co.jp/tochi/1119525118/?DOWN=1&BKLISTID=001LPC&SEARCHDIV=1&sref=list_simple,,0,,,0
18912790,ライフルホームズ,"2026-01-12 07:28:48",1101,11,34,34207,342070091000,広島県,福山市,高美台,,広島県福山市高美台,土地,,1200,0,330.98,宅地,所有権,第一種中高層住居専用,60,200,,,,,,,,専任媒介(自社物),,その他,,,,古屋あり,相談,,日当たり〇　菜園などに建築条件なし　都市ガス引込み可,興亜不動産株式会社,,,"JR山陽本線 福山駅 徒歩29分",一方,,,,,,2016-07-10,2026-01-08,2017-04-28,https://www.homes.co.jp/tochi/b-32126140000009/,0,0,https://image.homes.jp/smallimg/image.php?file=http%3A%2F%2Fimg.homes.jp%2F3212614%2Fsale%2F9%2F1%2F1%2Feon5.jpg&width=180&height=180,0,0
2249421136,不動産ジャパン,"2026-01-12 03:59:32",1101,11,34,34207,342070091000,広島県,福山市,高美台,,広島県福山市高美台,売地,,1200,,330.98,宅地,所有権,第一種中高層住居専用地域,60%,200%,,,,,,,,専任媒介,4,,,,,古家有,,,"現況渡

建築条件なし　都市ガス引込み可　【法令上の制限：宅地造成工事規制区域 　土砂災害警戒区域内】
",興亜不動産（株）,,,"山陽本線 「福山」駅 徒歩29分","一方道路
 北東 幅5.5m",,,,0,0,2016-05-01,2026-01-12,,https://www.fudousan.or.jp/property/detail?p_no=000004495851,,,https://storage3.zentaku.or.jp/prod/034/53931/regsys/6000702491/image/6000702491_59571ca8cb.jpg,,0
2483396258,ハトマークサイト,"2026-01-12 01:55:56",1101,11,34,34207,342070091000,広島県,福山市,高美台,,広島県福山市高美台,売地,,1200,,330.98,宅地,,第一種中高層住居専用地域,60％,200％,,,,,,,,,,,,,,,相談,,"物件種目：売地 / 最適用途：その他用地",興亜不動産(株),,,"山陽本線福山駅 徒歩29分",,,,,0,0,2021-03-27,2026-01-12,,https://www.hatomarksite.com/search/zentaku/bukken/6000702491,,0,https://storage3.zentaku.or.jp/prod/034/53931/regsys/6000702491/image/6000702491_59571ca8cb.jpg,,0
3217354665,ハトマークサイト,"2026-01-12 01:55:14",1101,11,34,34207,342070091000,広島県,福山市,高美台,,広島県福山市高美台,売地,,150,,262.00,雑種地,,第一種中高層住居専用地域,60％,200％,,,,,,,,,,,,,,,相談,,"物件種目：売地 / 最適用途：その他用地",(株)瀬良商店,,,"北吉津停 徒歩10分",,,,,0,0,2022-05-20,2026-01-12,,https://www.hatomarksite.com/search/zentaku/bukken/6002904578,,0,https://storage3.zentaku.or.jp/prod/034/100182/regsys/6002904578/image/6002904578_90afaa1e01.jpg,,0
3217354666,ハトマークサイト,"2026-01-12 01:55:14",1101,11,34,34207,342070091000,広島県,福山市,高美台,,広島県福山市高美台,売地,,350,,252.00,雑種地,,第一種中高層住居専用地域,60％,200％,,,,,,,,,,,,,,,相談,,"物件種目：売地 / 最適用途：その他用地",(株)瀬良商店,,,"北吉津バス停停 徒歩10分",,,,,0,0,2022-05-20,2026-01-12,,https://www.hatomarksite.com/search/zentaku/bukken/6002904576,,0,https://storage3.zentaku.or.jp/prod/034/100182/regsys/6002904576/image/6002904576_bd79c39d48.jpg,,0
3218422749,不動産ジャパン,"2026-01-12 03:59:14",1101,11,34,34207,342070091000,広島県,福山市,高美台,,広島県福山市高美台,売地,,150,,262.00,雑種地,所有権,第一種中高層住居専用地域,60%,200%,,,,,,,,専任媒介,4,,,,,更地,,,"現況渡

【法令上の制限：宅地造成工事規制区域】
",（株）瀬良商店,,,"北吉津バス停 徒歩10分","一方道路
 東 幅6m 公道 接面10m",,,,0,0,2022-05-20,2026-01-12,,https://www.fudousan.or.jp/property/detail?p_no=000008503284,,,https://storage3.zentaku.or.jp/prod/034/100182/regsys/6002904578/image/6002904578_90afaa1e01.jpg,,0
3218422751,不動産ジャパン,"2026-01-12 03:59:31",1101,11,34,34207,342070091000,広島県,福山市,高美台,,広島県福山市高美台,売地,,350,,252.00,雑種地,所有権,第一種中高層住居専用地域,60%,200%,,,,,,,,専任媒介,4,,,,,更地,,,"現況渡

接道はありませんが、福山市の土地（法面・階段）に接しております。　【法令上の制限：宅地造成工事規制区域】
",（株）瀬良商店,,,"北吉津バス停バス停 徒歩10分",,,,,0,0,2022-05-20,2026-01-12,,https://www.fudousan.or.jp/property/detail?p_no=000008503378,,,https://storage3.zentaku.or.jp/prod/034/100182/regsys/6002904576/image/6002904576_bd79c39d48.jpg,,0
35769968,アットホーム,"2026-01-12 01:31:57",1101,11,34,34207,342070091000,広島県,福山市,高美台,,福山市高美台,土地,,1200,,330.98,,,,60%,200%,,,,,,,,,,,,,,,,,"【最適用途】住宅用地
","興亜不動産(株)（ＪＲ山陽本線/福山 徒歩10分）",,,"ＪＲ山陽本線 「福山」駅 徒歩2300ｍ",,,,,,,2016-07-29,2026-01-12,,https://www.athome.co.jp/tochi/6953548276/?DOWN=1&BKLISTID=001LPC&SEARCHDIV=1&sref=list_simple,,0,,,0
5754722245,Yahoo!不動産,"2026-01-12 01:16:07",1202,12,34,34207,342070028001,広島県,福山市,向陽町一丁目,,広島県福山市向陽町1丁目,中古戸建,,1240,1340,240.62,,,,,,84.33,1973-08-01,,6,DK,,,,,,,,,,,,,LIFUKU福山売買センター　中国バス不動産株式会社,,,"福塩線 「横尾」駅 徒歩27分",,,,,,,2025-10-07,2026-01-12,2025-12-18,https://realestate.yahoo.co.jp/used/house/detail_corp/b0024089310/,,,https://realestate-pctr.c.yimg.jp/ds/realestate-buy-image/bld_image/00/2408/9310/0137/62c0962ab27929dedc3a47b2374282eb_01_01.jpg?q=65&nf_src=sy&nf_path=/images/realestate/img/common/noimage/288x288.png&w=175&h=132,0,0
5753175505,ライフルホームズ,"2026-01-12 07:28:22",1202,12,34,34207,342070028001,広島県,福山市,向陽町一丁目,25-11,広島県福山市向陽町1丁目25-11,中古戸建,,1240,1340,240.62,宅地,所有権,第一種中高層住居専用,60,200,84.33,1973-08-01,軽量鉄骨,6,DK,,,専任媒介(自社物),,空有1台,,,2,空家,相談,,"南側道路面す 高台に立地 前道6ｍ以上 カーポート 土地70坪以上
",LIFUKU福山売買センター　中国バス不動産株式会社,,,"JR福塩線 横尾駅 徒歩27分",一方,,84.33,,,,2025-10-06,2025-12-31,2025-12-15,https://www.homes.co.jp/kodate/b-1461090000818/,1,0,https://image1.homes.jp/smallimg/image.php?file=https%3A%2F%2Fcdn-lambda-img.cloud.ielove.jp%2Fimage%2Fsale%2F826df3b1%2F42966_120763_1_132000_132000.jpg%3Ft%3D20251004165048&width=208&height=138,0,0
5753132073,SUUMO,"2026-01-12 02:02:27",1202,12,34,34207,342070028001,広島県,福山市,向陽町一丁目,,広島県福山市向陽町１-25-11,戸建,,1240,1340,240.62,,,,,,84.33,1973-08-01,,6,DK,,,,,,,,,,,,高台ゆとりの70坪以上、閑静な住宅街・趣のある樹々の植わる庭のある住まい,"LIFUKU 福山売買センター中国バス不動産(株)",,TEL:084-999-3603,ＪＲ福塩線「横尾」徒歩27分,,,,,,,2025-10-06,2026-01-12,2025-12-17,https://suumo.jp/chukoikkodate/hiroshima/sc_fukuyama/nc_78536851/,,,https://img01.suumo.com/jj/resizeImage?src=gazo%2Fbukken%2F080%2FN010000%2Fimg%2F851%2F78536851%2F78536851_0036.jpg&w=192&h=144,0,0
5755774290,不動産ジャパン,"2026-01-12 04:07:09",1202,12,34,34207,342070028001,広島県,福山市,向陽町一丁目,,広島県福山市向陽町１丁目,中古一戸建,,1240,1340,240.62,,所有権,第一種中高層住居専用地域,60%,200%,84.33,1973-08-01,鉄骨造,6,DK,,,専任媒介,4,有,,,,空家,,,"
日当り良好　閑静住宅街
送電線地役権設定、増築未登記あり
",中国バス不動産（株）,,,福塩線　横尾駅より2160ｍ　徒歩約27分,"一方道路
 南 幅7.8m 公道 接面16.2m",,,,0,0,2025-10-07,2026-01-12,2025-12-18,https://www.fudousan.or.jp/property/detail?p_no=000012782832,,,https://storage3.zentaku.or.jp/prod/034/54343/regsys/5103861163/image/5103861163_89cdc3c4b1.jpg,0,0
5752810066,ハトマークサイト,"2026-01-12 02:00:32",1202,12,34,34207,342070028001,広島県,福山市,向陽町一丁目,,広島県福山市向陽町１丁目,中古一戸建,,1240,1340,240.62,,,,60％,200％,84.33,1973-08-01,,6,DK,,,,,,,,,,,,物件種目：中古一戸建,中国バス不動産(株),,,福塩線　横尾駅より2160ｍ　徒歩約27分,,,,,0,0,2025-10-06,2026-01-12,2025-12-17,https://www.hatomarksite.com/search/zentaku/bukken/5103861163,,,https://storage3.zentaku.or.jp/prod/034/54343/regsys/5103861163/image/5103861163_89cdc3c4b1.jpg,0,0
5934321495,ライフルホームズ,"2026-01-12 07:28:51",1202,12,34,34207,342070028001,広島県,福山市,向陽町一丁目,,広島県福山市向陽町１丁目,中古戸建,,1500,,264.46,宅地,所有権,第一種中高層住居専用,60,200,131.55,1989-11-01,木造,5,DK,,,一般媒介(自社物),,空有1台,,,2,空家,相談,,"
",山建ホーム株式会社,,,"バス 向陽団地6番通り下車 徒歩2分",,,,,,,2025-12-21,2026-01-01,,https://www.homes.co.jp/kodate/b-32130610000012/,0,0,,,0
5929665419,ハトマークサイト,"2026-01-12 02:00:14",1202,12,34,34207,342070028001,広島県,福山市,向陽町一丁目,,広島県福山市向陽町１丁目,中古一戸建,,1500,,264.46,,,,60％,200％,131.55,1989-11-01,,5,DK,,,,,,,,,,,,物件種目：中古一戸建,山建ホーム(株),,,"向陽団地６番通り停 徒歩2分
誠之館高校まで徒歩５分",,,,,0,0,2025-12-19,2026-01-12,,https://www.hatomarksite.com/search/zentaku/bukken/5104052828,,,,,0
5933378300,不動産ジャパン,"2026-01-12 04:07:09",1202,12,34,34207,342070028001,広島県,福山市,向陽町一丁目,,広島県福山市向陽町１丁目,中古一戸建,,1500,,264.46,,所有権,第一種中高層住居専用地域,60%,200%,131.55,1989-11-01,木造,5,DK,,,一般媒介,5,有　駐車場代無料,,,,空家,,,"
駐車場代無料　セットバック済

",山建ホーム（株）,"藤井美紀 (tel:080-1919-2093)",,"向陽団地６番通りバス停 徒歩2分
誠之館高校まで徒歩５分","一方道路
 北 幅5.8m 公道 接面11.3m",,,,0,0,2025-12-20,2026-01-12,,https://www.fudousan.or.jp/property/detail?p_no=000013001118,,,,,0
5755036977,アットホーム,"2026-01-12 01:49:17",1202,12,34,34207,342070028001,広島県,福山市,向陽町一丁目,,福山市向陽町１丁目,戸建,,1240,1340,240.62,,,,,,84.33,1973-08-01,,6,DK,,,,,,,,,,,,福山市向陽町1丁目の本物件は、南側接道で日当たり・通風良好、高台に位置し水害リスクも少ない安心の住環境です。,"中国バス不動産(株)　ＬＩＦＵＫＵ福山売買センター（福塩線/万能倉 徒歩10分）",,,"福塩線 「横尾」駅 徒歩27分",,,,,,,2025-10-07,2026-01-12,2025-12-17,https://www.athome.co.jp/kodate/1148443914/?DOWN=1&BKLISTID=001LPC&SEARCHDIV=1&sref=list_simple,,0,,0,0
3702494766,ハトマークサイト,"2026-01-12 01:50:09",1101,11,34,34207,342070025006,広島県,福山市,木之庄町六丁目,,広島県福山市木之庄町６丁目,売地,,493,,125.61,宅地,,第一種住居地域,60％,200％,,,,,,,,,,,,,,,,,"物件種目：売地 / 最適用途：住宅用地",大栄不動産(株),,,"山陽本線福山駅 徒歩60分 バス乗車20分 仁伍停 徒歩6分",,,,,0,0,2023-02-11,2026-01-12,,https://www.hatomarksite.com/search/zentaku/bukken/5101583857,,,https://storage3.zentaku.or.jp/prod/034/53580/regsys/5101583857/image/5101583857_64926e5d07.jpg,,0
5155334203,ハトマークサイト,"2026-01-12 01:57:40",1202,12,34,34207,342070025006,広島県,福山市,木之庄町六丁目,,広島県福山市木之庄町６丁目,中古一戸建,,880,1050,303.11,,,,60％,200％,158.17,1978-08-01,,5,LDK,,,,,,,,,,,,物件種目：中古一戸建,(有)山陽不動産,,,木之庄上バス停より徒歩約8分,,,,,0,0,2025-01-12,2026-01-12,2025-02-25,https://www.hatomarksite.com/search/zentaku/bukken/5103154679,,,https://storage3.zentaku.or.jp/prod/034/54455/regsys/5103154679/image/5103154679_baa51d896d.jpg,0,0
5158419325,不動産ジャパン,"2026-01-12 04:06:32",1202,12,34,34207,342070025006,広島県,福山市,木之庄町六丁目,,広島県福山市木之庄町６丁目,中古一戸建,,880,1050,303.11,,所有権,第一種住居地域,60%,200%,158.17,1978-08-01,木造,5,LDK,,,専任媒介,4,,,,,所有者居住中,,,"


",（有）山陽不動産,"大島　浩三 (tel:084-921-2778)",,木之庄上バス停より徒歩約8分,"一方道路
 南",,,,0,0,2025-01-13,2026-01-12,2025-02-26,https://www.fudousan.or.jp/property/detail?p_no=000011957696,,,https://storage3.zentaku.or.jp/prod/034/54455/regsys/5103154679/image/5103154679_baa51d896d.jpg,0,0
3705498017,不動産ジャパン,"2026-01-12 03:58:04",1101,11,34,34207,342070025006,広島県,福山市,木之庄町六丁目,,広島県福山市木之庄町６丁目,売地,,493,,125.61,宅地,所有権,第一種住居地域,60%,200%,,,,,,,,専任媒介,4,,,,,古家有,,,"現況渡

木造瓦葺２階建　居宅３DKあり　賃貸中月額34.000円
",大栄不動産（株）,,,"山陽本線 「福山」駅 徒歩60分  仁伍バス停 徒歩6分","一方道路
 南 幅4m 公道 接面2.2m",,,,0,0,2023-02-12,2026-01-12,,https://www.fudousan.or.jp/property/detail?p_no=000009586753,,,https://storage3.zentaku.or.jp/prod/034/53580/regsys/5101583857/image/5101583857_64926e5d07.jpg,,0
4372087211,ライフルホームズ,"2026-01-12 07:28:47",1101,11,34,34207,342070025006,広島県,福山市,木之庄町六丁目,885-3,広島県福山市木之庄町６丁目885-3,土地,,493,,125.61,宅地,所有権,第一種住居,60,200,,,,,,,,専任媒介(自社物),,その他,,,,古屋あり,即時,,木造瓦葺2階建　居宅3DKあり　賃貸中月額34.000円,大栄不動産株式会社,,,"JR山陽本線 福山駅 バス20分 仁伍下車 徒歩6分",一方,,,,,,2024-01-16,2026-01-09,,https://www.homes.co.jp/tochi/b-32124580000072/,0,0,https://image.homes.jp/smallimg/image.php?file=http%3A%2F%2Fimg.homes.jp%2F3212458%2Fsale%2F72%2F1%2F1%2Fbukz.jpg&width=180&height=180,,0
5156696092,アットホーム,"2026-01-12 02:03:17",1202,12,34,34207,342070025006,広島県,福山市,木之庄町六丁目,,福山市木之庄町６丁目,戸建,,880,1050,303.11,,,,,,158.17,1978-08-01,,5,LDK,,,,,,,,,,,,"小学校・中学校が徒歩圏内にあり住みやすい住環境です。ご案内に関しましては事前にお問合せいただけますとスムーズなご対応が可能です。お気軽にお問合せくださいませ。","(有)山陽不動産（ＪＲ山陽本線/福山 徒歩16分）",,,"【バス】木之庄上 停歩8分",,,,,,,2025-01-12,2026-01-12,2025-02-25,https://www.athome.co.jp/kodate/6984789873/?DOWN=1&BKLISTID=001LPC&SEARCHDIV=1&sref=list_simple,,0,,0,0
4857272421,アットホーム,"2026-01-12 01:16:46",1101,11,34,34207,342070025006,広島県,福山市,木之庄町六丁目,,福山市木之庄町６丁目,土地,,493,,125.61,,,,60%,200%,,,,,,,,,,,,,,,,,"【最適用途】住宅用地
","大栄不動産(株)（ＪＲ山陽本線/福山 徒歩12分）",,,"ＪＲ山陽本線 「福山」駅 徒歩21分[バス利用可] バス 10分 仁伍 停歩6分",,,,,,,2024-08-29,2026-01-12,,https://www.athome.co.jp/tochi/6983102315/?DOWN=1&BKLISTID=001LPC&SEARCHDIV=1&sref=list_simple,,0,,,0
5457660789,ハトマークサイト,"2026-01-12 01:43:20",1101,11,34,34207,342070054001,広島県,福山市,久松台一丁目,,広島県福山市久松台１丁目,売地,,750,840,149.85,宅地,,第一種中高層住居専用地域,60％,200％,,,,,,,,,,,,,,,,,"物件種目：売地 / 最適用途：住宅用地",ミサワホーム中国(株)福山営業所,,,山陽本線福山駅,,,,,0,0,2025-05-28,2026-01-12,2026-01-10,https://www.hatomarksite.com/search/zentaku/bukken/5103442533,,,https://storage3.zentaku.or.jp/prod/034/55178/regsys/5103442533/image/5103442533_d818ccca2d.jpg,1,0
5460636850,不動産ジャパン,"2026-01-12 03:56:54",1101,11,34,34207,342070054001,広島県,福山市,久松台一丁目,,広島県福山市久松台１丁目,売地,,750,840,149.85,宅地,所有権,第一種中高層住居専用地域,60%,200%,,,,,,,,専任媒介,4,,,,,更地,,,"現況渡


",ミサワホーム中国（株）福山営業所,"三川　修治 (tel:080-4201-8505)",,"山陽本線 「福山」駅 徒歩2200m","一方道路
 南東 幅15.6m 公道 接面8.5m",,,,0,0,2025-05-29,2026-01-12,2026-01-11,https://www.fudousan.or.jp/property/detail?p_no=000012397920,,,https://storage3.zentaku.or.jp/prod/034/55178/regsys/5103442533/image/5103442533_d818ccca2d.jpg,1,0
5455400451,アットホーム,"2026-01-12 01:25:04",1101,11,34,34207,342070054001,広島県,福山市,久松台一丁目,,福山市久松台１丁目,土地,,750,840,149.85,,,,60%,200%,,,,,,,,,,,,,,,,,"【最適用途】住宅用地
久松台小学校まで３００ｍの立地です。水害のリスクがないエリアとしておすすめです。バス停も目の前にあり、公共交通機関も利用できるため利便性が良い立地です。","ミサワホーム中国(株)　福山営業所（ＪＲ山陽本線/福山 徒歩16分）",,,"ＪＲ山陽本線 「福山」駅 徒歩30分",,,,,,,2025-05-27,2026-01-12,2026-01-10,https://www.athome.co.jp/tochi/6986445765/?DOWN=1&BKLISTID=001LPC&SEARCHDIV=1&sref=list_simple,,0,,1,0
4464252721,不動産ジャパン,"2026-01-12 04:13:29",1499,14,34,34207,342070054002,広島県,福山市,久松台二丁目,,広島県福山市久松台２丁目,久松台２－２６－１３,,550,590,148.77,,所有権,第一種中高層住居専用地域,60%,200%,50.00,1985-10-01,木造,,,,,専任媒介,4,有　駐車場代無料,,,,空家,,,"
駐車場代無料
●プレハブ倉庫2棟　未登記です。
",（株）瀬良商店,,,"坂田バス停 徒歩1分","一方道路
 北 幅6m 公道 接面16m",,,,0,0,2024-02-28,2026-01-12,2026-01-11,https://www.fudousan.or.jp/property/detail?p_no=000010902743,,,https://storage3.zentaku.or.jp/prod/034/100182/regsys/5102415497/image/5102415497_013119643d.jpg,1,0
2750042213,不動産ジャパン,"2026-01-12 03:56:54",1101,11,34,34207,342070054002,広島県,福山市,久松台二丁目,,広島県福山市久松台２丁目,売地,,550,590,148.77,宅地,所有権,第一種中高層住居専用地域,60%,200%,,,,,,,,専任媒介,4,,,,,古家有,,,"現況渡

●既存建物　プレハブ倉庫　平屋2棟　約70m2　土地地番427-2　【法令上の制限：宅地造成工事規制区域】
",（株）瀬良商店,,,"坂田（中国）バス停 徒歩1分","一方道路
 北 幅6m 公道 接面16m",,,,0,0,2021-08-28,2026-01-12,2026-01-11,https://www.fudousan.or.jp/property/detail?p_no=000006952914,,,https://storage3.zentaku.or.jp/prod/034/100182/regsys/6002722836/image/6002722836_ed31e83d1f.jpg,1,0
2749791337,ハトマークサイト,"2026-01-12 01:44:24",1101,11,34,34207,342070054002,広島県,福山市,久松台二丁目,,広島県福山市久松台２丁目,売地,,550,590,148.77,宅地,,第一種中高層住居専用地域,60％,200％,,,,,,,,,,,,,,,相談,,"物件種目：売地 / 最適用途：住宅用地",(株)瀬良商店,,,"坂田（中国）停 徒歩1分",,,,,0,0,2021-08-28,2026-01-12,2026-01-10,https://www.hatomarksite.com/search/zentaku/bukken/6002722836,,0,https://storage3.zentaku.or.jp/prod/034/100182/regsys/6002722836/image/6002722836_ed31e83d1f.jpg,1,0
4461166722,ハトマークサイト,"2026-01-12 02:07:42",1410,14,34,34207,342070054002,広島県,福山市,久松台二丁目,,広島県福山市久松台２丁目,久松台２－２６－１３,,550,590,148.77,,,第一種中高層住居専用地域,,,50.00,1985-10-01,木造,,,,,,,,,,,,,,物件種目：倉庫,(株)瀬良商店,,,"坂田停 徒歩1分",,,,,0,0,2024-02-27,2026-01-12,2026-01-10,https://www.hatomarksite.com/search/zentaku/bukken/5102415497,,,https://storage3.zentaku.or.jp/prod/034/100182/regsys/5102415497/image/5102415497_013119643d.jpg,1,0
4440492694,ライフルホームズ,"2026-01-12 07:28:36",1101,11,34,34207,342070054002,広島県,福山市,久松台二丁目,26-13,広島県福山市久松台２丁目26-13,土地,,550,590,148.77,宅地,所有権,第一種中高層住居専用,60,200,,,,,,,,専任媒介(自社物),,その他,,,,古屋あり,相談,,●建築条件はありません　●閑静な住宅街。バス停の目の前。●既存建物　プレハブ倉庫　平屋2棟　約70m2　土地地番427-2,株式会社瀬良商店,,,"バス 坂田（中国）下車 徒歩1分",一方,,,,,,2024-02-17,2026-01-09,2026-01-09,https://www.homes.co.jp/tochi/b-32122140000168/,0,0,https://image.homes.jp/smallimg/image.php?file=http%3A%2F%2Fimg.homes.jp%2F3212214%2Fsale%2F168%2F1%2F1%2Ffssm.jpg&width=180&height=180,1,0
5773419249,ライフルホームズ,"2026-01-12 07:28:38",1410,14,34,34207,342070054002,広島県,福山市,久松台二丁目,26-13,広島県福山市久松台２丁目26-13,久松台2-26-13,,550,590,148.77,宅地,所有権,第一種中高層住居専用,60,200,50.00,1985-10-01,木造,,,,,専任媒介(自社物),,空有1台,,,1,空家,即時,,●なかやま牧場ハート木之庄店　徒歩19分　●オンリーワン木之庄店　徒歩25分●プレハブ倉庫2棟　未登記です。,株式会社瀬良商店,,,"バス 坂田下車 徒歩1分",一方,,,,,,2025-10-15,2026-01-09,2026-01-09,https://www.homes.co.jp/soko/b-32122140000266/,0,0,https://image.homes.jp/smallimg/image.php?file=http%3A%2F%2Fimg.homes.jp%2F3212214%2Fsale%2F266%2F2%2F2%2Fzb85.jpg&width=208&height=138,1,0
3745701116,アットホーム,"2026-01-12 01:32:02",1101,11,34,34207,342070054002,広島県,福山市,久松台二丁目,,福山市久松台２丁目,土地,,590,600,148.77,,,,60%,200%,,,,,,,,,,,,,,,,,"【最適用途】住宅用地
","(株)瀬良商店（ＪＲ山陽本線/福山 徒歩10分）",,,"【バス】坂田 停歩1分",,,,,,,2023-03-05,2026-01-12,2025-06-17,https://www.athome.co.jp/tochi/6978586921/?DOWN=1&BKLISTID=001LPC&SEARCHDIV=1&sref=list_simple,,0,,0,0
5858660641,SUUMO,"2026-01-12 02:02:32",1202,12,34,34207,342070054003,広島県,福山市,久松台三丁目,,広島県福山市久松台３,戸建,,1300,,174.74,,,,,,105.11,1992-01-01,,5,DK,,,,,,,,,,,,"久松台３ 1300万円",,,,中国バス「久松台小学校下」徒歩11分,,,,,,,2025-11-21,2026-01-12,,https://suumo.jp/chukoikkodate/hiroshima/sc_fukuyama/nc_78803268/,,,https://img01.suumo.com/jj/resizeImage?src=gazo%2Fbukken%2F080%2FN010000%2Fimg%2F268%2F78803268%2F78803268_0001.jpg&w=192&h=144,,0
5271679987,SUUMO,"2026-01-12 02:02:32",1202,12,34,34207,342070054003,広島県,福山市,久松台三丁目,,広島県福山市久松台３,戸建,,1300,1350,174.74,,,,,,105.11,1992-01-01,,5,DK,,,,,,,,,,,,◆平成4年1月築！◆間取り：５ＤＫ◆和室あり◆メーターモジュール,三井住友トラスト不動産(株)広島駅前センター,,TEL:0120-989214,中国バス「木之庄上」徒歩11分,,,,,,,2025-03-05,2026-01-12,2025-09-29,https://suumo.jp/chukoikkodate/hiroshima/sc_fukuyama/nc_77044670/,,,https://img01.suumo.com/jj/resizeImage?src=gazo%2Fbukken%2F080%2FN010000%2Fimg%2F670%2F77044670%2F77044670_0055.jpg&w=192&h=144,0,0
5273032056,不動産ジャパン,"2026-01-12 04:08:02",1202,12,34,34207,342070054003,広島県,福山市,久松台三丁目,,広島県福山市久松台３丁目,中古一戸建,,1300,1350,174.74,,所有権,第一種中高層住居専用地域,60%,200%,105.11,1992-01-01,木造,5,DK,,,一般媒介,5,有,,,,空家,,,"

※画像中の家具・調度品は、売買価格に含まれません。　景観法、宅地造成工事規制区域、立地適正化計画区域、居住誘導区域
",三井住友トラスト不動産（株）広島駅前センター,,,"福塩線 「備後本庄」駅 徒歩23分  
交通利便なし","一方道路
 東 幅5.3m 公道 接面2.8m 位置指定無",,,,0,0,2025-03-05,2026-01-12,2025-09-30,https://www.fudousan.or.jp/property/detail?p_no=000012136509,,,,0,0
5333241284,ライフルホームズ,"2026-01-12 07:29:02",1202,12,34,34207,342070054003,広島県,福山市,久松台三丁目,,広島県福山市久松台３丁目,中古戸建,,1300,1350,174.74,宅地,所有権,第一種中高層住居専用,60,200,105.11,1992-01-01,木造,5,DK,,,一般媒介(自社物),,空有2台,,,2,空家,即時,,※画像中の家具・調度品は、売買価格に含まれません。　景観法、宅地造成工事規制区域、立地適正化計画区域、居住誘導区域,三井住友トラスト不動産株式会社　広島駅前センター,,,木之庄上停歩11分,一方,,,,,,2025-04-02,0000-00-00,2025-09-28,https://www.homes.co.jp/kodate/b-35503930000070/,0,0,https://image.homes.jp/smallimg/image.php?file=http%3A%2F%2Fimg.homes.jp%2F3550393%2Fsale%2F70%2F2%2F2%2Fbdcl.jpg&width=208&height=138,0,0
5985702718,アットホーム,"2026-01-12 01:33:12",1202,12,34,34207,342070054003,広島県,福山市,久松台三丁目,,福山市久松台３丁目,戸建,,1300,,174.74,,,,,,105.11,1992-01-01,,5,DK,,,,,,,,,,,,,"積水ハウス不動産(株)　福山オフィス（ＪＲ山陽本線/福山 徒歩9分）",,,"福塩線 「備後本庄」駅 徒歩22分",,,,,,,2026-01-10,2026-01-12,,https://www.athome.co.jp/kodate/1142689414/?DOWN=1&BKLISTID=001LPC&SEARCHDIV=1&sref=list_simple,,0,https://www.athome.co.jp/image_files/path/cRJnPgtAh_VSid9l2b2Uow==?width=320&height=320,,1
5858151545,アットホーム,"2026-01-12 01:42:55",1202,12,34,34207,342070054003,広島県,福山市,久松台三丁目,,福山市久松台３丁目,戸建,,1300,,174.74,,,,,,105.11,1992-01-01,,5,DK,,,,,,,,,,,,,"大和ハウス工業(株)　福山支店住宅営業所リブネス課（ＪＲ山陽本線/東福山 徒歩15分）",,,中国バス「久松台小学校下」バス停まで徒歩１１分（約８５０ｍ）,,,,,,,2025-11-21,2026-01-12,,https://www.athome.co.jp/kodate/6988399523/?DOWN=1&BKLISTID=001LPC&SEARCHDIV=1&sref=list_simple,,0,,,0
5823050392,アットホーム,"2026-01-12 02:01:52",1202,12,34,34207,342070054003,広島県,福山市,久松台三丁目,,福山市久松台３丁目,戸建,,1300,,174.74,,,,,,105.11,1992-01-01,,5,DK,,,,,,,,,,,,"◇平成４年１月築！　◇間取り：５ＤＫ　◇和室あり　◇メーターモジュール　◇駐車縦列２台可能（１３．０ｍ×２．８ｍ）　是非、お気軽にお問い合わせください。","三井住友トラスト不動産(株)　広島駅前センター（ＪＲ山陽本線/広島 徒歩2分）",,,"【バス】木之庄上 停歩11分",,,,,,,2025-11-06,2026-01-12,,https://www.athome.co.jp/kodate/1105684519/?DOWN=1&BKLISTID=001LPC&SEARCHDIV=1&sref=list_simple,,0,,,0
5229464380,ライフルホームズ,"2026-01-12 07:28:20",1101,11,34,34207,342070072002,広島県,福山市,緑陽町二丁目,466,広島県福山市緑陽町2丁目466,土地,,498,720,237.00,畑,所有権,第一種中高層住居専用,60,200,,,,,,,,一般媒介(自社物),,その他,,,,更地,期日指定,2025年6月上旬,"高台 周辺交通量少なめ 前道6ｍ以上 整形地 土地70坪以上上下水道：前面配管あり、引込なし",LIFUKU福山売買センター　中国バス不動産株式会社,,,"JR福塩線 横尾駅 徒歩26分",一方,,,,,,2025-02-14,2025-12-31,2025-07-25,https://www.homes.co.jp/tochi/b-1461090000670/,0,0,https://image4.homes.jp/smallimg/image.php?file=https%3A%2F%2Fcdn-lambda-img.cloud.ielove.jp%2Fimage%2Fsale%2F8095f4b8%2F42966_117403_1_132000_132000.jpg%3Ft%3D20250213101518&width=208&height=138,0,0
5339900586,SUUMO,"2026-01-12 02:02:27",1202,12,34,34207,342070072002,広島県,福山市,緑陽町二丁目,,広島県福山市緑陽町２,戸建,,1190,1180,204.89,,,,,,124.54,1985-04-01,,4,LDK,,,,,,,,,,,,"緑陽町２（横尾駅） 1190万円",,,,ＪＲ福塩線「横尾」徒歩25分,,,,,,,2025-04-05,2026-01-12,2025-10-11,https://suumo.jp/chukoikkodate/hiroshima/sc_fukuyama/nc_77271477/,,,https://img01.suumo.com/jj/resizeImage?src=gazo%2Fbukken%2F080%2FN010000%2Fimg%2F477%2F77271477%2F77271477_0001.jpg&w=192&h=144,0,0
5590108343,SUUMO,"2026-01-12 01:52:26",1101,11,34,34207,342070072002,広島県,福山市,緑陽町二丁目,,広島県福山市緑陽町２,土地,,180,280,263.05,,,,,,,,,,,,,,,,,,,,,,"緑陽町２ 180万円",タカセ不動産(株)福山店,,TEL:084-921-8541,ＪＲ山陽本線「福山」バス11分停歩10分,,,,,,,2025-07-26,2026-01-12,2025-12-14,https://suumo.jp/tochi/hiroshima/sc_fukuyama/nc_78045566/,,0,https://img01.suumo.com/jj/resizeImage?src=gazo%2Fbukken%2F080%2FN010000%2Fimg%2F566%2F78045566%2F78045566_0001.jpg&w=192&h=144,0,0
5231235942,SUUMO,"2026-01-12 01:52:37",1101,11,34,34207,342070072002,広島県,福山市,緑陽町二丁目,,広島県福山市緑陽町２-466,土地,,498,720,237.00,,,,,,,,,,,,,,,,,,,,,,緑陽町2丁目の売土地。閑静な住宅街にあり、日当たり・風通しも良好です。,"LIFUKU 福山売買センター中国バス不動産(株)",,TEL:084-999-3603,ＪＲ福塩線「横尾」徒歩26分,,,,,,,2025-02-15,2026-01-12,2025-07-26,https://suumo.jp/tochi/hiroshima/sc_fukuyama/nc_76900834/,,0,https://img01.suumo.com/jj/resizeImage?src=gazo%2Fbukken%2F080%2FN010000%2Fimg%2F834%2F76900834%2F76900834_0001.jpg&w=192&h=144,0,0
5682629126,ハトマークサイト,"2026-01-12 02:03:21",1202,12,34,34207,342070072002,広島県,福山市,緑陽町二丁目,,広島県福山市緑陽町２丁目,中古一戸建,,580,,215.16,,,,60％,200％,89.62,1979-07-01,,3,LDK,,,,,,,,,,,,物件種目：中古一戸建,広島ガス住設(株)　福山ハウジング,,,"緑陽団地口停 徒歩6分",,,,,0,0,2025-09-05,2026-01-12,,https://www.hatomarksite.com/search/zentaku/bukken/5103778753,,,https://storage3.zentaku.or.jp/prod/034/235088/regsys/5103778753/image/5103778753_75756f3a93.jpg,,0
5683100953,ライフルホームズ,"2026-01-12 07:28:58",1202,12,34,34207,342070072002,広島県,福山市,緑陽町二丁目,,広島県福山市緑陽町２丁目,中古戸建,,580,,215.16,宅地,所有権,第一種中高層住居専用,60,200,89.62,1979-07-01,"鉄骨造 ",3,LDK,,,専任媒介(自社物),,空有1台,,,2,空家,相談,,"高台につき、眺望あり。
","広島ガス住設株式会社 福山ハウジング",,,"バス 緑陽団地口下車 徒歩6分",一方,,,,,,2025-09-05,2025-12-29,,https://www.homes.co.jp/kodate/b-32140310000009/,0,0,https://image.homes.jp/smallimg/image.php?file=http%3A%2F%2Fimg.homes.jp%2F3214031%2Fsale%2F9%2F2%2F2%2F21pf.jpg&width=208&height=138,,0
5924566045,ハトマークサイト,"2026-01-12 01:49:14",1101,11,34,34207,342070072002,広島県,福山市,緑陽町二丁目,,広島県福山市緑陽町２丁目,売地,,1140,620,222.00,畑,,第一種中高層住居専用地域,60％,200％,,,,,,,,,,,,,,,,,"物件種目：売地 / 最適用途：住宅用地",(株)マスカットハウス,,,"緑陽団地口停 徒歩10分",,,,,0,0,2025-12-17,2026-01-12,2025-12-18,https://www.hatomarksite.com/search/zentaku/bukken/5104048572,,,,0,0
5929277990,ライフルホームズ,"2026-01-12 07:28:52",1101,11,34,34207,342070072002,広島県,福山市,緑陽町二丁目,,広島県福山市緑陽町２丁目,土地,,1140,620,222.00,畑,所有権,第一種中高層住居専用,60,200,,,,,,,,専任媒介(自社物),,その他,,,,更地,即時,,"R313から団地に入ってすぐ
",株式会社マスカットハウス,,,"バス 緑陽団地口下車 徒歩10分",二方(除角地),,,,,,2025-12-19,2025-12-31,2025-12-17,https://www.homes.co.jp/tochi/b-32132760000024/,0,0,,0,0
5231703621,不動産ジャパン,"2026-01-12 03:59:14",1101,11,34,34207,342070072002,広島県,福山市,緑陽町二丁目,,広島県福山市緑陽町２丁目,売地,,498,720,237.00,畑,所有権,第一種中高層住居専用地域,60%,200%,,,,,,,,一般媒介,5,,,,,更地,,,"現況渡

上下水道：前面配管あり　引込なし
",中国バス不動産（株）,,,JR福塩線「横尾」駅から徒歩26分,"一方道路
 北東 幅6.1m 公道 接面12.8m",,,,0,0,2025-02-15,2026-01-12,2025-07-26,https://www.fudousan.or.jp/property/detail?p_no=000012070346,,,https://storage3.zentaku.or.jp/prod/034/54343/regsys/5103284046/image/5103284046_0d0bd133e7.jpg,0,0
5685653850,不動産ジャパン,"2026-01-12 04:07:45",1202,12,34,34207,342070072002,広島県,福山市,緑陽町二丁目,,広島県福山市緑陽町２丁目,中古一戸建,,580,,215.16,,所有権,第一種中高層住居専用地域,60%,200%,89.62,1979-07-01,鉄骨造,3,LDK,,,専任媒介,4,有,,,,空家,,,"
日当り良好　閑静住宅街

","広島ガス住設（株） 福山ハウジング","迫田 (tel:084-959-5858)",,"緑陽団地口バス停 徒歩6分","一方道路
 北東 幅5.1m 公道 接面10.5m",,,,0,0,2025-09-06,2026-01-12,,https://www.fudousan.or.jp/property/detail?p_no=000012689771,,,https://storage3.zentaku.or.jp/prod/034/235088/regsys/5103778753/image/5103778753_75756f3a93.jpg,,0
5928479868,不動産ジャパン,"2026-01-12 03:58:04",1101,11,34,34207,342070072002,広島県,福山市,緑陽町二丁目,,広島県福山市緑陽町２丁目,売地,,1140,620,222.00,畑,所有権,第一種中高層住居専用地域,60%,200%,,,,,,,,専任媒介,4,,,,,更地,,,"現況渡


",（株）マスカットハウス,"（株）マスカットハウ (tel:090-3335-9438)",,"緑陽団地口バス停 徒歩10分","二方道路（除角地）
 北 幅6m 公道 接面15m
 西 幅12m 公道 接面11m",,,,0,0,2025-12-18,2026-01-12,2025-12-19,https://www.fudousan.or.jp/property/detail?p_no=000012995332,,,,0,0
5224977845,不動産ジャパン,"2026-01-12 04:07:09",1202,12,34,34207,342070072002,広島県,福山市,緑陽町二丁目,,広島県福山市緑陽町２丁目,中古一戸建,,1190,1320,204.89,,所有権,第二種中高層住居専用地域,60%,200%,124.54,1985-04-01,木造,4,LDK,,,一般媒介,5,有　駐車場代無料,,,,所有者居住中,,,"
駐車場代無料

",（有）タナベ不動産,,,"緑陽団地口バス停 徒歩5分","一方道路
 北東 幅6.1m 公道 接面10.5m",,,,0,0,2025-02-12,2026-01-12,2025-10-05,https://www.fudousan.or.jp/property/detail?p_no=000012062198,,,https://storage3.zentaku.or.jp/prod/034/54417/regsys/5103280600/image/5103280600_e596dbb503.jpg,0,0
4699065531,不動産ジャパン,"2026-01-12 03:59:49",1101,11,34,34207,342070072002,広島県,福山市,緑陽町二丁目,,広島県福山市緑陽町２丁目,売地,,180,280,263.05,宅地,所有権,第一種中高層住居専用地域,60%,200%,,,,,,,,一般媒介,5,,,,,更地,,,"


",タカセ不動産株式会社福山店,,,"山陽本線「福山」からバスにて11分 「緑陽団地入口」下車 徒歩10分","一方道路
 東 幅10.8m 公道",,,,0,0,2024-06-17,2026-01-12,2025-12-15,https://www.fudousan.or.jp/property/detail?p_no=000011303926,,,,0,0
5222660580,ライフルホームズ,"2026-01-12 07:28:38",1202,12,34,34207,342070072002,広島県,福山市,緑陽町二丁目,,広島県福山市緑陽町２丁目,中古戸建,,1190,1320,204.89,宅地,所有権,第二種中高層住居専用,60,200,124.54,1985-04-01,木造,4,LDK,,,一般媒介(自社物),,空有2台,,,2,居住中,相談,,"丁寧に使われているお家です。平成29年に水回りリフォーム済み
",有限会社タナベ不動産,,,"バス 緑陽団地口下車 徒歩5分",一方,,,,,,2025-02-11,2025-12-29,2025-10-04,https://www.homes.co.jp/kodate/b-32122150000135/,0,0,https://image2.homes.jp/smallimg/image.php?file=http%3A%2F%2Fimg.homes.jp%2F3212215%2Fsale%2F135%2F2%2F2%2Fpyrp.jpg&width=208&height=138,0,0
5228627704,ハトマークサイト,"2026-01-12 01:54:47",1101,11,34,34207,342070072002,広島県,福山市,緑陽町二丁目,,広島県福山市緑陽町２丁目,売地,,498,720,237.00,畑,,第一種中高層住居専用地域,60％,200％,,,,,,,,,,,,,,,,,"物件種目：売地 / 最適用途：住宅用地",中国バス不動産(株),,,JR福塩線「横尾」駅から徒歩26分,,,,,0,0,2025-02-14,2026-01-12,2025-07-25,https://www.hatomarksite.com/search/zentaku/bukken/5103284046,,,https://storage3.zentaku.or.jp/prod/034/54343/regsys/5103284046/image/5103284046_0d0bd133e7.jpg,0,0
5221904893,ハトマークサイト,"2026-01-12 02:00:40",1202,12,34,34207,342070072002,広島県,福山市,緑陽町二丁目,,広島県福山市緑陽町２丁目,中古一戸建,,1190,1320,204.89,,,,60％,200％,124.54,1985-04-01,,4,LDK,,,,,,,,,,,,物件種目：中古一戸建,(有)タナベ不動産,,,"緑陽団地口停 徒歩5分",,,,,0,0,2025-02-11,2026-01-12,2025-10-04,https://www.hatomarksite.com/search/zentaku/bukken/5103280600,,,https://storage3.zentaku.or.jp/prod/034/54417/regsys/5103280600/image/5103280600_e596dbb503.jpg,0,0
5397827079,アットホーム,"2026-01-12 02:00:18",1202,12,34,34207,342070072002,広島県,福山市,緑陽町二丁目,,福山市緑陽町２丁目,戸建,,1200,,215.23,,,,,,92.68,1977-04-01,,3,LDK,,,,,,,,,,,,【見晴らし良好☆】緑陽町に３ＬＤＫカーポート付き戸建が登場ですｄ（￣　￣）福山駅方面・福山市北部どちらに向かうにもアクセス◎いつでもご案内出来ます！,町家．ｃｏｍ,,,"福塩線 「横尾」駅 徒歩25分[バス利用可] バス 緑陽団地口（井笠）（中国） 停歩4分",,,,,,,2025-05-01,2026-01-12,,https://www.athome.co.jp/kodate/6986017660/?DOWN=1&BKLISTID=001LPC&SEARCHDIV=1&sref=list_simple,,0,,,0
5223177735,アットホーム,"2026-01-12 01:49:22",1299,12,34,34207,342070072002,広島県,福山市,緑陽町二丁目,,福山市緑陽町２丁目,戸建,,1190,1320,204.89,,,,,,124.54,1985-04-01,,4,LDK,,,,,,,,,,,,,(有)タナベ不動産,,,"【バス】緑陽団地口 停歩5分",,,,,,,2025-02-11,2026-01-12,2025-10-04,https://www.athome.co.jp/kodate/6985134495/?DOWN=1&BKLISTID=001LPC&SEARCHDIV=1&sref=list_simple,,0,,0,0
5925088080,アットホーム,"2026-01-12 01:14:09",1101,11,34,34207,342070072002,広島県,福山市,緑陽町二丁目,,福山市緑陽町２丁目,土地,,1140,,222.00,,,,60%,200%,,,,,,,,,,,,,,,,,"【最適用途】住宅用地
","(株)マスカットハウス（ＪＲ山陽本線/福山 徒歩15分）",,,"【バス】緑陽団地口 停歩300ｍ",,,,,,,2025-12-17,2026-01-12,,https://www.athome.co.jp/tochi/6988796617/?DOWN=1&BKLISTID=001LPC&SEARCHDIV=1&sref=list_simple,,0,,,0
5229928536,アットホーム,"2026-01-12 01:26:43",1101,11,34,34207,342070072002,広島県,福山市,緑陽町二丁目,,福山市緑陽町２丁目,土地,,498,720,237.00,,,,60%,200%,,,,,,,,,,,,,,,,,"【最適用途】住宅用地
住宅用地なので住まいに適した周辺環境の整っており、快適な生活が期待できるのではないでしょうか。高台に立地しています。土地面積は237㎡(公簿)です。","中国バス不動産(株)　ＬＩＦＵＫＵ福山売買センター（福塩線/万能倉 徒歩10分）",,,"福塩線 「横尾」駅 徒歩26分",,,,,,,2025-02-14,2026-01-12,2025-07-25,https://www.athome.co.jp/tochi/1122720105/?DOWN=1&BKLISTID=001LPC&SEARCHDIV=1&sref=list_simple,,0,,0,0
29302411,アットホーム,"2026-01-12 01:29:29",1101,11,34,34207,342070072002,広島県,福山市,緑陽町二丁目,,福山市緑陽町２丁目,土地,,1402,1379,356.54,,,,60%,200%,,,,,,,,,,,,,,,,,"【最適用途】住宅用地
お気軽にお問い合わせ下さい。",中山土地建物(株),,,"【バス】緑陽町入口 停歩12分",,,,,,,2016-07-24,2026-01-12,2024-09-01,https://www.athome.co.jp/tochi/6954700817/?DOWN=1&BKLISTID=001LPC&SEARCHDIV=1&sref=list_simple,,0,,0,0
5682638845,アットホーム,"2026-01-12 01:52:32",1202,12,34,34207,342070072002,広島県,福山市,緑陽町二丁目,,福山市緑陽町２丁目,戸建,,580,,215.16,,,,,,89.62,1979-07-01,,3,LDK,,,,,,,,,,,,,広島ガス住設(株)　福山支店　福山ハウジング,,,"福塩線 「横尾」駅 徒歩27分[バス利用可] バス 緑陽団地口 停歩6分",,,,,,,2025-09-05,2026-01-12,,https://www.athome.co.jp/kodate/6987541786/?DOWN=1&BKLISTID=001LPC&SEARCHDIV=1&sref=list_simple,,0,,,0
5732619064,SUUMO,"2026-01-12 01:53:02",1101,11,34,34207,342070072001,広島県,福山市,緑陽町一丁目,,広島県福山市緑陽町１,土地,,1080,,259.30,,,,,,,,,,,,,,,,,,,,,,"緑陽町１ 1080万円",(有)山陽不動産,,TEL:084-921-2778,中国バス「緑陽団地口」徒歩5分,,,,,,,2025-09-27,2026-01-12,,https://suumo.jp/tochi/hiroshima/sc_fukuyama/nc_78446412/,,0,https://img01.suumo.com/jj/resizeImage?src=gazo%2Fbukken%2F080%2FN010000%2Fimg%2F412%2F78446412%2F78446412_0001.jpg&w=192&h=144,,0
5807067877,SUUMO,"2026-01-12 01:52:07",1101,11,34,34207,342070072001,広島県,福山市,緑陽町一丁目,,広島県福山市緑陽町１-155,土地,,380,,235.00,,,,,,,,,,,,,,,,,,,,,,日当たり・風通し良好。静かで落ち着いた住環境のおすすめ売土地です！,"LIFUKU 福山売買センター中国バス不動産(株)",,TEL:084-999-3603,ＪＲ福塩線「横尾」徒歩22分,,,,,,,2025-10-30,2026-01-12,,https://suumo.jp/tochi/hiroshima/sc_fukuyama/nc_78689723/,,0,https://img01.suumo.com/jj/resizeImage?src=gazo%2Fbukken%2F080%2FN010000%2Fimg%2F723%2F78689723%2F78689723_0001.jpg&w=192&h=144,,0
5950406313,SUUMO,"2026-01-12 02:02:22",1202,12,34,34207,342070072001,広島県,福山市,緑陽町一丁目,,広島県福山市緑陽町１-4-20,戸建,,1080,,259.30,,,,,,90.67,1983-07-01,,5,LDK,,,,,,,,,,,,"緑陽町１（横尾駅） 1080万円",(有)山陽不動産,,TEL:084-921-2778,ＪＲ福塩線「横尾」徒歩27分,,,,,,,2025-12-27,2026-01-12,,https://suumo.jp/chukoikkodate/hiroshima/sc_fukuyama/nc_79101461/,,,https://img01.suumo.com/jj/resizeImage?src=gazo%2Fbukken%2F080%2FN010000%2Fimg%2F461%2F79101461%2F79101461_0002.jpg&w=192&h=144,,0
5954644494,ライフルホームズ,"2026-01-12 07:28:31",1101,11,34,34207,342070072001,広島県,福山市,緑陽町一丁目,,広島県福山市緑陽町１丁目,土地,,500,,329.00,雑種地,所有権,第一種中高層住居専用,60,200,,,,,,,,一般媒介(自社物),,無,,,,更地,相談,,"福山・尾道の不動産売却・購入のご相談はハウスドゥ福山東インター南店へ！資金計画のご相談・現地案内・オンラインでのご相談など様々なご要望に対応します！
どうやって物件を選んだらいいの？住宅ローンってどこがいいの？無理なく返済できる金額ってどれくらい？お家の購入は人生で一番高額な買い物と言われています。買う際の不安や悩みを解決し、納得のいく家選びができるよう、「お客様目線」と「感謝の気持ち」を忘れずにお手伝いさせていただきます。
資金計画から購入までお手伝いします！",ハウスドゥ　福山東インター南　株式会社HOME’S,,,"JR福塩線 横尾駅 徒歩22分",,管理組合無し,,,,,2025-12-29,2026-01-09,,https://www.homes.co.jp/tochi/b-1551130000140/,0,0,,,0
5351257911,不動産ジャパン,"2026-01-12 03:58:04",1101,11,34,34207,342070072001,広島県,福山市,緑陽町一丁目,,広島県福山市緑陽町１丁目,売地,,500,,239.09,宅地,所有権,第一種中高層住居専用地域,60%,200%,,,,,,,,一般媒介,5,,,,,更地,,,"現況渡

敷地と道路の高低差が約2.3ｍあります。　【法令上の制限：景観条例、宅地造成等工事規制区域】
",ひろしま信愛不動産（株）,"三宅 (tel:080-1921-8412)",,"福塩線 「福山」駅 徒歩47分","一方道路
 南西 幅6.1m 公道 接面11.5m",,,,0,0,2025-04-10,2026-01-12,,https://www.fudousan.or.jp/property/detail?p_no=000012257408,,,https://storage3.zentaku.or.jp/prod/034/55206/regsys/5103357180/image/5103357180_f3b0c2de24.jpg,,0
5953805373,不動産ジャパン,"2026-01-12 04:06:32",1202,12,34,34207,342070072001,広島県,福山市,緑陽町一丁目,,広島県福山市緑陽町１丁目,中古一戸建,,1080,,259.30,,所有権,第一種中高層住居専用地域,60%,200%,90.67,1983-07-01,木造,5,LDK,,,一般媒介,5,,,,,空家,,,"


",（有）山陽不動産,"工藤 (tel:084-921-2778)",,『緑陽団地口』バス停より徒歩約5分,"一方道路
 南 幅5.2m 公道",,,,0,0,2025-12-28,2026-01-12,,https://www.fudousan.or.jp/property/detail?p_no=000013027862,,,https://storage3.zentaku.or.jp/prod/034/54455/regsys/5104074373/image/5104074373_67276a0760.jpg,,0
4527564094,ハトマークサイト,"2026-01-12 01:50:39",1101,11,34,34207,342070072001,広島県,福山市,緑陽町一丁目,,広島県福山市緑陽町１丁目,売地,,500,597,329.00,雑種地,,第一種中高層住居専用地域,60％,200％,,,,,,,,,,,,,,,,,"物件種目：売地 / 最適用途：住宅用地",(株)ＡＥＭ不動産,,,中国バス「緑陽団地口」バス停　徒歩2分,,,,,0,0,2024-03-29,2026-01-12,2024-09-18,https://www.hatomarksite.com/search/zentaku/bukken/5102699764,,,https://storage3.zentaku.or.jp/prod/034/72689/regsys/5102699764/image/5102699764_dd10fd4941.jpg,0,0
5953802302,不動産ジャパン,"2026-01-12 03:57:11",1101,11,34,34207,342070072001,広島県,福山市,緑陽町一丁目,,広島県福山市緑陽町１丁目,売地,,1080,,259.30,宅地,所有権,第一種中高層住居専用地域,60%,200%,,,,,,,,専任媒介,4,,,,,古家有,,,"更地渡


",（有）山陽不動産,"工藤 (tel:084-921-2778)",,『緑陽団地口』バス停より徒歩約5分,"一方道路
 南 幅5.2m 公道 接面11m",,,,0,0,2025-12-28,2026-01-12,,https://www.fudousan.or.jp/property/detail?p_no=000013027628,,,https://storage3.zentaku.or.jp/prod/034/54455/regsys/5104074372/image/5104074372_2a4da869e6.jpg,,0
5714816844,ライフルホームズ,"2026-01-12 07:28:17",1101,11,34,34207,342070072001,広島県,福山市,緑陽町一丁目,,広島県福山市緑陽町１丁目,土地,,350,,214.00,畑,所有権,第一種中高層住居専用,60,200,,,,,,,,専任媒介(自社物),,その他,,,,更地,即時,,"閑静な住宅地にあるので、住環境は整っています。戸建をお考えの方におすすめです建築条件はございませんのでお好きな会社様で建てることができます
",タカセ不動産株式会社　福山店,,,"JR山陽本線 福山駅 バス16分 緑陽団地口バス下車 徒歩8分",一方,,,,,,2025-09-19,2026-01-09,,https://www.homes.co.jp/tochi/b-1404320000737/,0,0,https://image.homes.jp/smallimg/image.php?file=http%3A%2F%2Fimg.homes.jp%2F140432%2Fsale%2F737%2F2%2F1%2Fx4h5.jpg&width=208&height=138,,0
5491589461,不動産ジャパン,"2026-01-12 03:59:14",1101,11,34,34207,342070072001,広島県,福山市,緑陽町一丁目,,広島県福山市緑陽町１丁目,売地,,500,,329.00,雑種地,所有権,第一種中高層住居専用地域,60%,200%,,,,,,,,一般媒介,5,,,,,更地,,,"現況渡


",（株）ＨＯＭＥ’Ｓ,,,"福塩線 「横尾」駅 徒歩22分","一方道路
 北西 幅8m 公道",,,,0,0,2025-06-12,2026-01-12,,https://www.fudousan.or.jp/property/detail?p_no=000012444863,,,https://storage3.zentaku.or.jp/prod/034/70627/regsys/5103482148/image/5103482148_dd3ec20259.jpg,,0
4462127995,不動産ジャパン,"2026-01-12 03:59:49",1101,11,34,34207,342070072001,広島県,福山市,緑陽町一丁目,,広島県福山市緑陽町１丁目,売地,,350,450,214.00,畑,所有権,第一種中高層住居専用地域,60%,200%,,,,,,,,専属専任媒介,3,,,,,更地,,,"建築条件なし


",タカセ不動産株式会社福山店,,,"山陽本線「福山」からバスにて16分 「緑陽団地口」下車 徒歩8分","一方道路
 北東 幅5.1m 公道",,,,0,0,2024-02-27,2026-01-12,2025-03-25,https://www.fudousan.or.jp/property/detail?p_no=000010898388,,0,,0,0
5807523966,不動産ジャパン,"2026-01-12 03:59:32",1101,11,34,34207,342070072001,広島県,福山市,緑陽町一丁目,,広島県福山市緑陽町１丁目,売地,,380,,235.00,畑,所有権,第一種中高層住居専用地域,60%,200%,,,,,,,,専任媒介,4,,,,,更地,,,"現況渡

傾斜地、宅地内には階段のみの進入路のため、造成が必要　【法令上の制限：建築基準法第22条指定区域、景観法、宅地造成等工事規制区域】
",中国バス不動産（株）,,,JR福塩線「横尾駅」徒歩約22分,"一方道路
 北 幅8.6m 公道 接面15.2m",,,,0,0,2025-10-30,2026-01-12,,https://www.fudousan.or.jp/property/detail?p_no=000012854105,,,https://storage3.zentaku.or.jp/prod/034/54343/regsys/5103921805/image/5103921805_61f2ae6a08.jpg,,0
5950577339,ハトマークサイト,"2026-01-12 01:57:24",1202,12,34,34207,342070072001,広島県,福山市,緑陽町一丁目,,広島県福山市緑陽町１丁目,中古一戸建,,1080,,259.30,,,,60％,200％,90.67,1983-07-01,,5,LDK,,,,,,,,,,,,物件種目：中古一戸建,(有)山陽不動産,,,『緑陽団地口』バス停より徒歩約5分,,,,,0,0,2025-12-27,2026-01-12,,https://www.hatomarksite.com/search/zentaku/bukken/5104074373,,,https://storage3.zentaku.or.jp/prod/034/54455/regsys/5104074373/image/5104074373_67276a0760.jpg,,0
5950561737,ハトマークサイト,"2026-01-12 01:44:58",1101,11,34,34207,342070072001,広島県,福山市,緑陽町一丁目,,広島県福山市緑陽町１丁目,売地,,1080,,259.30,宅地,,第一種中高層住居専用地域,60％,200％,,,,,,,,,,,,,,,,,"物件種目：売地 / 最適用途：住宅用地",(有)山陽不動産,,,『緑陽団地口』バス停より徒歩約5分,,,,,0,0,2025-12-27,2026-01-12,,https://www.hatomarksite.com/search/zentaku/bukken/5104074372,,,https://storage3.zentaku.or.jp/prod/034/54455/regsys/5104074372/image/5104074372_2a4da869e6.jpg,,0
4530355408,不動産ジャパン,"2026-01-12 03:58:21",1101,11,34,34207,342070072001,広島県,福山市,緑陽町一丁目,,広島県福山市緑陽町１丁目,売地,,500,597,329.00,雑種地,所有権,第一種中高層住居専用地域,60%,200%,,,,,,,,一般媒介,5,,,,,更地,,,"現況渡

傾斜地、上水道（メーター13ｍｍ）・下水道、建築条件なし
",（株）ＡＥＭ不動産,"田邉 (tel:084-983-2665)",,中国バス「緑陽団地口」バス停　徒歩2分,"二方道路（除角地）
 北 幅11.5m 公道 接面17m
 西 幅4m 公道 接面14",,,,0,0,2024-03-30,2026-01-12,2024-09-19,https://www.fudousan.or.jp/property/detail?p_no=000011019880,,,https://storage3.zentaku.or.jp/prod/034/72689/regsys/5102699764/image/5102699764_dd10fd4941.jpg,0,0
5804455637,ハトマークサイト,"2026-01-12 01:43:30",1101,11,34,34207,342070072001,広島県,福山市,緑陽町一丁目,,広島県福山市緑陽町１丁目,売地,,380,,235.00,畑,,第一種中高層住居専用地域,60％,200％,,,,,,,,,,,,,,,,,"物件種目：売地 / 最適用途：住宅用地",中国バス不動産(株),,,JR福塩線「横尾駅」徒歩約22分,,,,,0,0,2025-10-29,2026-01-12,,https://www.hatomarksite.com/search/zentaku/bukken/5103921805,,,https://storage3.zentaku.or.jp/prod/034/54343/regsys/5103921805/image/5103921805_438fcce41d.jpg,,0
5488596952,ハトマークサイト,"2026-01-12 01:54:23",1101,11,34,34207,342070072001,広島県,福山市,緑陽町一丁目,,広島県福山市緑陽町１丁目,売地,,500,,329.00,雑種地,,第一種中高層住居専用地域,60％,200％,,,,,,,,,,,,,,,,,物件種目：売地,"(株)ＨＯＭＥ’Ｓ （住まいの窓口　福山東インター南店）",,,"福塩線横尾駅 徒歩22分",,,,,0,0,2025-06-11,2026-01-12,,https://www.hatomarksite.com/search/zentaku/bukken/5103482148,,,https://storage3.zentaku.or.jp/prod/034/70627/regsys/5103482148/image/5103482148_dd3ec20259.jpg,,0
5348157673,ハトマークサイト,"2026-01-12 01:49:37",1101,11,34,34207,342070072001,広島県,福山市,緑陽町一丁目,,広島県福山市緑陽町１丁目,売地,,500,,239.09,宅地,,第一種中高層住居専用地域,60％,200％,,,,,,,,,,,,,,,,,"物件種目：売地 / 最適用途：住宅用地",ひろしま信愛不動産(株),,,"福塩線福山駅 徒歩47分",,,,,0,0,2025-04-09,2026-01-12,,https://www.hatomarksite.com/search/zentaku/bukken/5103357180,,,https://storage3.zentaku.or.jp/prod/034/55206/regsys/5103357180/image/5103357180_f3b0c2de24.jpg,,0
5950690051,アットホーム,"2026-01-12 01:34:43",1299,12,34,34207,342070072001,広島県,福山市,緑陽町一丁目,,福山市緑陽町１丁目,戸建,,1080,,259.30,,,,,,90.67,1983-07-01,,5,LDK,,,,,,,,,,,,災害リスクの低い高台での新生活へ！中心部アクセス良好な「緑陽町」の一戸建てです！,"(有)山陽不動産（ＪＲ山陽本線/福山 徒歩16分）",,,"【バス】緑陽団地口 停歩5分",,,,,,,2025-12-27,2026-01-12,,https://www.athome.co.jp/kodate/6988908948/?DOWN=1&BKLISTID=001LPC&SEARCHDIV=1&sref=list_simple,,0,,,0
5732340333,アットホーム,"2026-01-12 01:20:29",1101,11,34,34207,342070072001,広島県,福山市,緑陽町一丁目,,福山市緑陽町１丁目,土地,,1080,,259.30,,,,60%,200%,,,,,,,,,,,,,,,,,"【最適用途】住宅用地
裏の公園は桜並木が立ち並び、春になると素敵な景観を上から望むことができます。","(有)山陽不動産（ＪＲ山陽本線/福山 徒歩16分）",,,"【バス】緑陽団地口 停歩5分",,,,,,,2025-09-27,2026-01-12,,https://www.athome.co.jp/tochi/6987755149/?DOWN=1&BKLISTID=001LPC&SEARCHDIV=1&sref=list_simple,,0,,,0
5804493269,アットホーム,"2026-01-12 01:18:11",1101,11,34,34207,342070072001,広島県,福山市,緑陽町一丁目,,福山市緑陽町１丁目,土地,,380,,235.00,,,,60%,200%,,,,,,,,,,,,,,,,,"【最適用途】住宅用地
日当たり・通風が良く、約71坪の土地は穏やかで落ち着いた住宅街にあります。 宅地内には階段のみの進入路があり、建築の際には造成工事が必要です。","中国バス不動産(株)　ＬＩＦＵＫＵ福山売買センター（福塩線/万能倉 徒歩10分）",,,"福塩線 「横尾」駅 徒歩22分",,,,,,,2025-10-29,2026-01-12,,https://www.athome.co.jp/tochi/1149400214/?DOWN=1&BKLISTID=001LPC&SEARCHDIV=1&sref=list_simple,,0,,,0
5590109276,SUUMO,"2026-01-12 01:52:46",1101,11,34,34207,342070001001,広島県,福山市,千田町一丁目,,広島県福山市千田町１,土地,,720,,367.91,,,,,,,,,,,,,,,,,,,,,,"千田町１ 720万円",タカセ不動産(株)福山店,,TEL:084-921-8541,ＪＲ山陽本線「福山」バス10分停歩5分,,,,,,,2025-07-26,2026-01-12,,https://suumo.jp/tochi/hiroshima/sc_fukuyama/nc_78045453/,,0,https://img01.suumo.com/jj/resizeImage?src=gazo%2Fbukken%2F080%2FN010000%2Fimg%2F453%2F78045453%2F78045453_0001.jpg&w=192&h=144,,0
5293908648,SUUMO,"2026-01-12 01:52:46",1101,11,34,34207,342070001001,広島県,福山市,千田町一丁目,,広島県福山市千田町１,土地,,700,,166.68,,,,,,,,,,,,,,,,,,,,,,"千田町１（横尾駅） 700万円",積水ハウス不動産(株)福山オフィス,,TEL:084-921-6244,ＪＲ福塩線「横尾」徒歩20分,,,,,,,2025-03-15,2026-01-12,,https://suumo.jp/tochi/hiroshima/sc_fukuyama/nc_76945843/,,0,https://img01.suumo.com/jj/resizeImage?src=gazo%2Fbukken%2F080%2FN010000%2Fimg%2F843%2F76945843%2F76945843_0001.jpg&w=192&h=144,,0
4970350914,不動産ジャパン,"2026-01-12 03:57:46",1101,11,34,34207,342070001001,広島県,福山市,千田町一丁目,,広島県福山市千田町１丁目,売地,,720,,367.91,宅地,所有権,第一種低層住居専用地域,60%,200%,,,,,,,,一般媒介,5,,,,,更地,,,"現況渡
セットバック要
一部地目：畑　【法令上の制限：土砂災害警戒区域】
",（株）ＡＥＭ不動産,,,"薮路バス停 徒歩5分","一方道路
 北 幅3.5m 公道",,,,0,0,2024-10-20,2026-01-12,,https://www.fudousan.or.jp/property/detail?p_no=000011699412,,,https://storage3.zentaku.or.jp/prod/034/72689/regsys/5102919845/image/5102919845_fc4bd0178d.jpg,,0
4967276950,ハトマークサイト,"2026-01-12 01:48:35",1101,11,34,34207,342070001001,広島県,福山市,千田町一丁目,,広島県福山市千田町１丁目,売地,,720,,367.91,宅地,,第一種低層住居専用地域,60％,200％,,,,,,,,,,,,,,,,,"物件種目：売地 / 最適用途：住宅用地",(株)ＡＥＭ不動産,,,"薮路停 徒歩5分",,,,,0,0,2024-10-19,2026-01-12,,https://www.hatomarksite.com/search/zentaku/bukken/5102919845,,,https://storage3.zentaku.or.jp/prod/034/72689/regsys/5102919845/image/5102919845_fc4bd0178d.jpg,,0
5590125003,ライフルホームズ,"2026-01-12 07:28:16",1101,11,34,34207,342070001001,広島県,福山市,千田町一丁目,,広島県福山市千田町１丁目,土地,,720,,367.91,畑,所有権,第一種中高層住居専用,60,200,,,,,,,,一般媒介(自社物),,その他,,,,更地,相談,,"閑静な住宅地で叶える穏やかな新生活♪二筆での売却になりますので、合計111.29坪の広々敷地です！個性あふれる住まいを実現！建築条件なし！お好きな建築会社様で建築できます！
",タカセ不動産株式会社　福山店,,,"JR山陽本線 福山駅 バス10分 薮路バス下車 徒歩5分",一方,,,,,,2025-07-26,2026-01-09,,https://www.homes.co.jp/tochi/b-1404320000659/,0,0,https://image.homes.jp/smallimg/image.php?file=http%3A%2F%2Fimg.homes.jp%2F140432%2Fsale%2F659%2F2%2F1%2Fehjp.jpg&width=208&height=138,,0
5350441962,ハトマークサイト,"2026-01-12 01:49:09",1101,11,34,34207,342070001001,広島県,福山市,千田町一丁目,,広島県福山市千田町１丁目,売地,,650,,162.84,宅地,,第一種中高層住居専用地域,60％,200％,,,,,,,,,,,,,,,,,"物件種目：売地 / 最適用途：住宅用地",リノアークグループ(株),,,"福塩線横尾駅 徒歩22分",,,,,0,0,2025-04-10,2026-01-12,,https://www.hatomarksite.com/search/zentaku/bukken/5103358287,,,,,0
5353453310,不動産ジャパン,"2026-01-12 03:57:46",1101,11,34,34207,342070001001,広島県,福山市,千田町一丁目,,広島県福山市千田町１丁目,売地,,650,,162.84,宅地,所有権,第一種中高層住居専用地域,60%,200%,,,,,,,,専任媒介,4,,,,,古家有,,,"更地渡

解体更地渡し・土砂災害警戒区域内
",リノアークグループ（株）,,,"福塩線 「横尾」駅 徒歩22分","一方道路
 北 幅4.1m 公道",,,,0,0,2025-04-11,2026-01-12,,https://www.fudousan.or.jp/property/detail?p_no=000012260443,,,,,0
5243232886,アットホーム,"2026-01-12 01:26:41",1101,11,34,34207,342070001001,広島県,福山市,千田町一丁目,,福山市千田町１丁目,土地,,700,,166.68,,,,60%,160%,,,,,,,,,,,,,,,,,"【最適用途】住宅用地
","積水ハウス不動産(株)　福山オフィス（ＪＲ山陽本線/福山 徒歩9分）",,,"福塩線 「横尾」駅 徒歩20分",,,,,,,2025-02-20,2026-01-12,,https://www.athome.co.jp/tochi/1191010504/?DOWN=1&BKLISTID=001LPC&SEARCHDIV=1&sref=list_simple,,0,,,0
5349249727,アットホーム,"2026-01-12 01:16:55",1101,11,34,34207,342070001001,広島県,福山市,千田町一丁目,,福山市千田町１丁目,土地,,650,,162.84,,,,60%,200%,,,,,,,,,,,,,,,,,"【最適用途】住宅用地
■■解体更地渡し■■","福山不動産販売　リノアークグループ(株)（福塩線/横尾 徒歩9分）",,,"福塩線 「横尾」駅 徒歩22分",,,,,,,2025-04-09,2026-01-12,,https://www.athome.co.jp/tochi/6985904991/?DOWN=1&BKLISTID=001LPC&SEARCHDIV=1&sref=list_simple,,0,,,0
5840269863,不動産ジャパン,"2026-01-12 03:59:14",1101,11,34,34207,342070086000,広島県,福山市,清水ケ丘,,広島県福山市清水ケ丘,売地,,1050,,164.00,畑,所有権,第一種中高層住居専用地域,60%,200%,,,,,,,,一般媒介,5,,,,,更地,,,"更地渡

月極駐車場で賃貸中のため引渡日は要相談
",シティホームズ,,,"山陽本線 「福山」駅 徒歩35分","一方道路
 南東 幅5.8m 公道 接面12m",,,,0,0,2025-11-13,2026-01-12,,https://www.fudousan.or.jp/property/detail?p_no=000012894913,,,https://storage3.zentaku.or.jp/prod/034/88604/regsys/5103957814/image/5103957814_65031b9a08.jpg,,0
5837349453,ライフルホームズ,"2026-01-12 07:28:54",1101,11,34,34207,342070086000,広島県,福山市,清水ケ丘,,広島県福山市清水ケ丘,土地,,1050,,164.00,畑,所有権,第一種中高層住居専用,60,200,,,,,,,,一般媒介(自社物),,その他,,,,更地,相談,,月極駐車場で賃貸中のため引渡日は要相談,シティホームズ,,,"JR山陽本線 福山駅 徒歩35分",一方,,,,,,2025-11-12,2026-01-06,,https://www.homes.co.jp/tochi/b-32136170000008/,0,0,https://image.homes.jp/smallimg/image.php?file=http%3A%2F%2Fimg.homes.jp%2F3213617%2Fsale%2F8%2F2%2F2%2Fn0xk.jpg&width=208&height=138,,0
5458454914,不動産ジャパン,"2026-01-12 04:06:32",1202,12,34,34207,342070086000,広島県,福山市,清水ケ丘,,広島県福山市清水ケ丘,中古一戸建,,490,590,210.27,,所有権,第一種中高層住居専用地域,60%,200%,78.81,1981-10-01,木造,4,DK,,,専任媒介,4,有,,,,空家,,,"


",（有）山陽不動産,"大島 (tel:084-921-2778)",,"緑陽団地バス停 徒歩4分","一方道路
 北西 公道",,,,0,0,2025-05-28,2026-01-12,2025-08-27,https://www.fudousan.or.jp/property/detail?p_no=000012395984,,,https://storage3.zentaku.or.jp/prod/034/54455/regsys/5103439108/image/5103439108_77839e1262.jpg,0,0
5395785394,SUUMO,"2026-01-12 02:02:32",1202,12,34,34207,342070086000,広島県,福山市,清水ヶ丘,,広島県福山市清水ケ丘,戸建,,1360,,185.96,,,,,,103.72,1985-03-01,,5,LDK+S（納戸）,,,,,,,,,,,,"清水ケ丘（横尾駅） 1360万円",(株)なごみ不動産,,TEL:084-961-3336,ＪＲ福塩線「横尾」徒歩28分,,,,,,,2025-04-30,2026-01-12,,https://suumo.jp/chukoikkodate/hiroshima/sc_fukuyama/nc_77373917/,,,https://img01.suumo.com/jj/resizeImage?src=gazo%2Fbukken%2F080%2FN010000%2Fimg%2F917%2F77373917%2F77373917_0001.jpg&w=192&h=144,,0
5837095638,ハトマークサイト,"2026-01-12 01:54:21",1101,11,34,34207,342070086000,広島県,福山市,清水ヶ丘,,広島県福山市清水ケ丘,売地,,1050,,164.00,畑,,第一種中高層住居専用地域,60％,200％,,,,,,,,,,,,,,,,,"物件種目：売地 / 最適用途：住宅用地",シティホームズ,,,"山陽本線福山駅 徒歩35分",,,,,0,0,2025-11-12,2026-01-12,,https://www.hatomarksite.com/search/zentaku/bukken/5103957814,,,https://storage3.zentaku.or.jp/prod/034/88604/regsys/5103957814/image/5103957814_65031b9a08.jpg,,0
5455394801,ハトマークサイト,"2026-01-12 01:57:39",1202,12,34,34207,342070086000,広島県,福山市,清水ヶ丘,,広島県福山市清水ケ丘,中古一戸建,,490,590,210.27,,,,60％,200％,78.81,1981-10-01,,4,DK,,,,,,,,,,,,物件種目：中古一戸建,(有)山陽不動産,,,"緑陽団地停 徒歩4分",,,,,0,0,2025-05-27,2026-01-12,2025-08-26,https://www.hatomarksite.com/search/zentaku/bukken/5103439108,,,https://storage3.zentaku.or.jp/prod/034/54455/regsys/5103439108/image/5103439108_77839e1262.jpg,0,0
4626009762,ライフルホームズ,"2026-01-12 07:28:57",1202,12,34,34207,342070086000,広島県,福山市,清水ケ丘,3-17,広島県福山市清水ケ丘3-17,中古戸建,,500,545,107.89,宅地,所有権,第一種中高層住居専用,60,200,86.33,1982-11-01,木造,4,SDK,,,専任媒介(自社物),,空有1台,,,2,空家,相談,,堀込車庫、現況渡し、リフォーム必須,株式会社三和地所,,,"JR山陽本線 福山駅 バス7分 緑陽団地口下車 徒歩3分",一方,,,,,,2024-05-14,2026-01-03,2025-11-22,https://www.homes.co.jp/kodate/b-32139340000015/,0,0,https://image.homes.jp/smallimg/image.php?file=http%3A%2F%2Fimg.homes.jp%2F3213934%2Fsale%2F15%2F1%2F1%2F0gxe.jpg&width=180&height=180,0,0
4547901780,アットホーム,"2026-01-12 01:53:52",1202,12,34,34207,342070086000,広島県,福山市,清水ヶ丘,,福山市清水ケ丘,戸建,,500,545,107.89,,,,,,86.33,1982-11-01,,4,SDK,,,,,,,,,,,,,"(株)三和地所（山陽新幹線/福山 徒歩15分）",,,"ＪＲ山陽本線 「福山」駅 【バス】7分 緑陽団地口 停歩3分",,,,,,,2024-04-07,2026-01-12,2025-11-23,https://www.athome.co.jp/kodate/6981642457/?DOWN=1&BKLISTID=001LPC&SEARCHDIV=1&sref=list_simple,,0,,0,0
5380183929,アットホーム,"2026-01-12 02:00:22",1299,12,34,34207,342070086000,広島県,福山市,清水ヶ丘,,福山市清水ケ丘,戸建,,1360,,185.96,,,,,,103.72,1985-03-01,,5,LDK,,,,,,,,,,,,広々とした延床面積１０３．７２㎡の居室空間、更に新しい趣味を見つけてみたくなる庭がある暮らしが叶います。,"(株)なごみ不動産（ＪＲ山陽本線/東福山 徒歩0ｍ）",,,"福塩線 「横尾」駅 徒歩28分",,,,,,,2025-04-23,2026-01-12,,https://www.athome.co.jp/kodate/6985982723/?DOWN=1&BKLISTID=001LPC&SEARCHDIV=1&sref=list_simple,,0,,,0
2249421331,不動産ジャパン,"2026-01-12 03:59:14",1101,11,34,34207,342070130000,広島県,福山市,千田町大字藪路,,広島県福山市千田町大字藪路,売地,,580,600,273.31,宅地,所有権,第一種中高層住居専用地域,60%,180%,,,,,,,,一般媒介,5,,,,,古家有,,,"現況渡

古家あり　現況渡し　【法令上の制限：宅地造成工事規制区域・土砂災害特別警戒区域・土砂災害警戒区域】
",三栄不動産（株）,,,"緑陽団地口バス停 徒歩8分","一方道路
 西 幅4.5m 公道 接面17.5m",,,,0,0,2018-04-01,2026-01-12,2023-01-13,https://www.fudousan.or.jp/property/detail?p_no=000004051128,,,https://storage3.zentaku.or.jp/prod/034/53986/regsys/6001767137/image/6001767137_933b902bef.jpg,0,0
3006402633,Yahoo!不動産,"2026-01-12 01:14:48",1101,11,34,34207,342070130000,広島県,福山市,千田町大字藪路,,広島県福山市千田町大字藪路,土地,,580,600,273.31,,,,,,,,,,,,,,,,,,,,,,,三栄不動産株式会社,,,緑陽団地口バス停より徒歩約8分,,,,,,,2022-01-24,2026-01-12,2023-01-12,https://realestate.yahoo.co.jp/land/detail_corp/b0009961326/,,0,https://realestate-pctr.c.yimg.jp/ds/realestate-buy-image/bld_image/00/0996/1326/0004/f2a13e7cbc2bdbc0f8446d398479d334_00_01.jpg?q=65&nf_src=sy&nf_path=/images/realestate/img/common/noimage/288x288.png&w=175&h=132,0,0
2483396256,ハトマークサイト,"2026-01-12 01:54:42",1101,11,34,34207,342070130000,広島県,福山市,千田町大字藪路,,広島県福山市千田町大字藪路,売地,,580,600,273.31,宅地,,第一種中高層住居専用地域,60％,180％,,,,,,,,,,,,,,,相談,,物件種目：売地,三栄不動産(株),,,"緑陽団地口停 徒歩8分",,,,,0,0,2021-03-27,2026-01-12,2023-01-12,https://www.hatomarksite.com/search/zentaku/bukken/6001767137,,0,https://storage3.zentaku.or.jp/prod/034/53986/regsys/6001767137/image/6001767137_933b902bef.jpg,0,0
843293920,ライフルホームズ,"2026-01-12 07:28:35",1101,11,34,34207,342070130000,広島県,福山市,千田町大字藪路,,広島県福山市千田町大字藪路,土地,,580,600,273.31,宅地,所有権,第一種中高層住居専用,60,180,,,,,,,,一般媒介(自社物),,その他,,,,古屋あり,相談,,古家あり　現況渡し,三栄不動産株式会社,,,"バス 緑陽団地口下車 徒歩8分",一方,,,,,,2018-03-31,2026-01-05,2023-01-12,https://www.homes.co.jp/tochi/b-32122040000079/,0,0,https://image.homes.jp/smallimg/image.php?file=http%3A%2F%2Fimg.homes.jp%2F3212204%2Fsale%2F79%2F2%2F2%2F5wqo.jpg&width=180&height=180,0,0
4679249563,SUUMO,"2026-01-12 02:02:32",1202,12,34,34207,342070028002,広島県,福山市,向陽町二丁目,,広島県福山市向陽町２,戸建,,1280,,220.53,,,,,,133.67,1974-03-01,,7,DK,,,,,,,,,,,,【和風テイストのお家】◆駐車2台可◆高台物件◆小学校徒歩約9分,SUMiTAS神辺店(株)ケイアイ不動産販売,,TEL:084-966-3931,ＪＲ福塩線「横尾」徒歩21分,,,,,,,2024-06-08,2026-01-12,,https://suumo.jp/chukoikkodate/hiroshima/sc_fukuyama/nc_75095702/,,,https://img01.suumo.com/jj/resizeImage?src=gazo%2Fbukken%2F080%2FN010000%2Fimg%2F702%2F75095702%2F75095702_0001.jpg&w=192&h=144,,0
5811528277,ライフルホームズ,"2026-01-12 07:29:01",1202,12,34,34207,342070028002,広島県,福山市,向陽町二丁目,,広島県福山市向陽町２丁目,中古戸建,,1280,,220.53,宅地,所有権,第一種中高層住居専用,60,200,133.67,1974-03-01,木造,7,DK,,,仲介(先物),,"空有2台 (普通車2台可能)",,,2,空家,相談,,"【和風テイストのお家】◆駐車2台可◆高台物件◆小学校徒歩約9分●駐車2台可能●部屋数しっかり7DK●久松台小学校：徒歩約9分◇この物件の魅力◇・和風テイストの落ち着きある住宅　自分好みにリフォームも可能・駐車2台可能！カーポート付・大家族でもゆとりある7DK　LDKへリフォームしても4部屋は確保できます♪・福山中心部、北部エリアへの移動がスムーズ！・津波の心配のない高台エリア・通学にも安心の　久松台小学校まで徒歩約9分",SUMiTAS神辺店　株式会社ケイアイ不動産販売　福山支店,,,"JR福塩線 横尾駅 徒歩26分",,,133.67,,,,2025-11-01,2026-01-10,,https://www.homes.co.jp/kodate/b-32282360000011/,0,0,https://image1.homes.jp/smallimg/image.php?file=https%3A%2F%2Fadmin-ph2.sumitas-web.com%2Fproperties%2F491785%2F320f3d92-37b1-489f-bf72-e5131dd432c1_0.jpg&width=208&height=138,,0
5710290806,ライフルホームズ,"2026-01-12 07:28:33",1101,11,34,34207,342070028002,広島県,福山市,向陽町二丁目,,広島県福山市向陽町２丁目,土地,,1200,1250,235.04,宅地,所有権,第一種中高層住居専用,60,200,,,,,,,,専任媒介(自社物),,その他,,,,古屋あり,相談,,"角地！建築条件なし！更地渡し！　現在古家有り。
",株式会社有正不動産,,,"バス 6番通り下車 徒歩10分",角地,,,,,,2025-09-17,2025-12-31,2025-12-03,https://www.homes.co.jp/tochi/b-32121940000236/,0,0,https://image3.homes.jp/smallimg/image.php?file=http%3A%2F%2Fimg.homes.jp%2F3212194%2Fsale%2F236%2F2%2F2%2Fwegk.jpg&width=208&height=138,0,0
2760440977,不動産ジャパン,"2026-01-12 04:06:14",1202,12,34,34207,342070028002,広島県,福山市,向陽町二丁目,,広島県福山市向陽町２丁目,中古一戸建,,1280,1500,220.53,,所有権,第二種住居地域,60%,200%,133.67,1974-03-01,木造,7,DK,,,専任媒介,4,有　駐車場代無料,,,,空家,,,"
閑静住宅街　駐車場２台分　駐車場代無料

",（株）ファミックス住研,,,"山陽本線 「福山」駅 徒歩34分  向陽団地バス停 徒歩3分","一方道路
 東 幅6m 公道",,,,0,0,2021-09-03,2026-01-12,2024-01-08,https://www.fudousan.or.jp/property/detail?p_no=000006991321,,,https://storage3.zentaku.or.jp/prod/028/50371/regsys/6974355239/image/6974355239_90e291998a.jpg,0,0
5712898775,不動産ジャパン,"2026-01-12 03:58:39",1101,11,34,34207,342070028002,広島県,福山市,向陽町二丁目,,広島県福山市向陽町２丁目,売地,,1200,1250,235.04,宅地,所有権,第一種中高層住居専用地域,60%,200%,,,,,,,,専任媒介,4,,,,,古家有,,,"更地渡

【法令上の制限：宅地造成等規制法】
",（株）有正不動産,,,"6番通りバス停 徒歩10分","角地
 南 幅6m 公道 接面13m
 東 幅6m 公道 接面12m",,,,0,0,2025-09-18,2026-01-12,2025-12-05,https://www.fudousan.or.jp/property/detail?p_no=000012727321,,,https://storage3.zentaku.or.jp/prod/034/53566/regsys/5103810970/image/5103810970_1c52ae36c3.jpg,0,0
2758519257,ハトマークサイト,"2026-01-12 01:57:12",1202,12,34,34207,342070028002,広島県,福山市,向陽町二丁目,,広島県福山市向陽町２丁目,中古一戸建,,1280,1500,220.53,,,,60％,200％,133.67,1974-03-01,,7,DK,,,,,,,,,,相談,,物件種目：中古一戸建,(株)ファミックス住研,,,"山陽本線福山駅 徒歩34分 バス乗車12分 向陽団地停 徒歩3分",,,,,0,0,2021-09-02,2026-01-12,2024-01-08,https://www.hatomarksite.com/search/zentaku/bukken/6974355239,,,https://storage3.zentaku.or.jp/prod/028/50371/regsys/6974355239/image/6974355239_90e291998a.jpg,0,0
5709843677,ハトマークサイト,"2026-01-12 01:51:38",1101,11,34,34207,342070028002,広島県,福山市,向陽町二丁目,,広島県福山市向陽町２丁目,売地,,1200,1250,235.04,宅地,,第一種中高層住居専用地域,60％,200％,,,,,,,,,,,,,,,,,物件種目：売地,(株)有正不動産,,,"6番通り停 徒歩10分",,,,,0,0,2025-09-17,2026-01-12,2025-12-04,https://www.hatomarksite.com/search/zentaku/bukken/5103810970,,,https://storage3.zentaku.or.jp/prod/034/53566/regsys/5103810970/image/5103810970_1c52ae36c3.jpg,0,0
2758286428,アットホーム,"2026-01-12 01:57:09",1202,12,34,34207,342070028002,広島県,福山市,向陽町二丁目,,福山市向陽町２丁目,戸建,,1280,1500,220.53,,,,,,133.67,1974-03-01,,7,DK,,,,,,,,,,,,価格変更いたしました！車中心生活を支える駐車場２台分有だから、家族それぞれの行動範囲がグッと広がります。賃貸でのご相談も承ります。介護施設・放課後デイ等の施設としてもお貸いたします。,"(株)ファミックス住研（ＪＲ山陽本線/西明石 徒歩2分）",,,"ＪＲ山陽本線 「福山」駅 徒歩34分[バス利用可] バス 12分 向陽団地 停歩3分",,,,,,,2021-09-02,2026-01-12,2024-01-07,https://www.athome.co.jp/kodate/6974355239/?DOWN=1&BKLISTID=001LPC&SEARCHDIV=1&sref=list_simple,,0,,0,0
4545805504,アットホーム,"2026-01-12 01:22:03",1101,11,34,34207,342070128000,広島県,福山市,千田町大字坂田,,福山市千田町大字坂田,土地,,826,,165.55,,,,70%,200%,,,,,,,,,,,,,,,,,"【最適用途】住宅用地
","ホームメイトFC倉敷白楽町店(株)クローバー不動産（ＪＲ山陽本線/倉敷 徒歩22分）",,,"福塩線 「横尾」駅 徒歩16分",,,,,,,2024-04-06,2026-01-12,,https://www.athome.co.jp/tochi/6981902276/?DOWN=1&BKLISTID=001LPC&SEARCHDIV=1&sref=list_simple,,0,,,0
